,I,co,cn,c-dot,dt
0,1.0,29267.433751006196,29272.490644613503,2.6505600214292455,2.0032514807232586
1,1.0,29272.490644613503,29277.80573059286,2.7858910037170284,2.0032514807232586
2,1.0,29277.80573059286,29283.33355494032,2.8973973665749235,2.0032514807232586
3,1.0,29283.33355494032,29289.044637231727,2.993451627853606,2.0032514807232586
4,1.0,29289.044637231727,29294.91300541973,3.075892695800392,2.0032514807232586
5,1.0,29294.91300541973,29300.94907693398,3.163794037316524,2.0032514807232586
6,1.0,29300.94907693398,29307.134851843668,3.242260753415381,2.0032514807232586
7,1.0,29307.134851843668,29313.47719843587,3.3243274675673136,2.0032514807232586
8,1.0,29313.47719843587,29319.956483823207,3.396103645586491,2.0032514807232586
9,1.0,29319.956483823207,29326.57495538345,3.4690577818713333,2.0032514807232586
10,1.0,29326.57495538345,29333.337637063574,3.5446452092804086,2.0032514807232586
11,1.0,29333.337637063574,29340.24877533471,3.622458415491447,2.0032514807232586
12,1.0,29340.24877533471,29347.3048583969,3.6984309192351317,2.0032514807232586
13,1.0,29347.3048583969,29354.504906064398,3.773889660687053,2.0032514807232586
14,1.0,29354.504906064398,29361.849344323917,3.8495716821943526,2.0032514807232586
15,1.0,29361.849344323917,29369.3386443866,3.9255006880009162,2.0032514807232586
16,1.0,29369.3386443866,29376.974724198553,4.002434981178402,2.0032514807232586
17,1.0,29376.974724198553,29384.75821439337,4.079699819620263,2.0032514807232586
18,1.0,29384.75821439337,29392.68883183492,4.156816252852453,2.0032514807232586
19,1.0,29392.68883183492,29400.766293387045,4.233784280881419,2.0032514807232586
20,1.0,29400.766293387045,29408.990315913616,4.31060390370026,2.0032514807232586
21,1.0,29408.990315913616,29417.360616278493,4.3872751213156045,2.0032514807232586
22,1.0,29417.360616278493,29425.87691134551,4.463797933720824,2.0032514807232586
23,1.0,29425.87691134551,29434.538917978556,4.5401723409222745,2.0032514807232586
24,1.0,29434.538917978556,29443.344170136545,4.615254177950384,2.0032514807232586
25,1.0,29443.344170136545,29452.287836211657,4.687803538011868,2.0032514807232586
26,1.0,29452.287836211657,29461.370715447312,4.760771819820499,2.0032514807232586
27,1.0,29461.370715447312,29470.593847588458,4.83428508172893,2.0032514807232586
28,1.0,29470.593847588458,29479.95827238005,4.908343323735436,2.0032514807232586
29,1.0,29479.95827238005,29489.465029567025,4.982946545842197,2.0032514807232586
30,1.0,29489.465029567025,29499.115158894332,5.058094748047851,2.0032514807232586
31,1.0,29499.115158894332,29508.909700106902,5.13378793035176,2.0032514807232586
32,1.0,29508.909700106902,29518.84768154361,5.208971818545062,2.0032514807232586
33,1.0,29518.84768154361,29528.90342036239,5.270694099725108,2.0032514807232586
34,1.0,29528.90342036239,29539.072118056418,5.32990125377325,2.0032514807232586
35,1.0,29539.072118056418,29549.358032903372,5.391340375005604,2.0032514807232586
36,1.0,29549.358032903372,29559.765423180972,5.455011463425349,2.0032514807232586
37,1.0,29559.765423180972,29570.298547166858,5.520914519028034,2.0032514807232586
38,1.0,29570.298547166858,29580.961663138754,5.589049541818383,2.0032514807232586
39,1.0,29580.961663138754,29591.759029374312,5.659416531793399,2.0032514807232586
40,1.0,29591.759029374312,29602.694904151238,5.732015488953081,2.0032514807232586
41,1.0,29602.694904151238,29613.744871263687,5.791816743786159,2.0032514807232586
42,1.0,29613.744871263687,29624.87178363559,5.832147437764084,2.0032514807232586
43,1.0,29624.87178363559,29636.08246287101,5.876053660990086,2.0032514807232586
44,1.0,29636.08246287101,29647.384169074303,5.923765252462695,2.0032514807232586
45,1.0,29647.384169074303,29658.784162349806,5.975282212180634,2.0032514807232586
46,1.0,29658.784162349806,29670.289702801903,6.030604540143272,2.0032514807232586
47,1.0,29670.289702801903,29681.908050534938,6.089732236352875,2.0032514807232586
48,1.0,29681.908050534938,29693.646465653255,6.15266530080654,2.0032514807232586
49,1.0,29693.646465653255,29705.506185369442,6.216246847600505,2.0032514807232586
50,1.0,29705.506185369442,29717.448465962436,6.259520955461276,2.0032514807232586
51,1.0,29717.448465962436,29729.464014088626,6.297923977039512,2.0032514807232586
52,1.0,29729.464014088626,29741.551558459392,6.335660655410641,2.0032514807232586
53,1.0,29741.551558459392,29753.709827786162,6.372730990570125,2.0032514807232586
54,1.0,29753.709827786162,29765.937550780345,6.409134982520595,2.0032514807232586
55,1.0,29765.937550780345,29778.233456153346,6.444872631261325,2.0032514807232586
56,1.0,29778.233456153346,29790.59627261656,6.479943936790682,2.0032514807232586
57,1.0,29790.59627261656,29803.024728881406,6.514348899111388,2.0032514807232586
58,1.0,29803.024728881406,29815.5175536593,6.548087518221447,2.0032514807232586
59,1.0,29815.5175536593,29828.073475661633,6.581159794122219,2.0032514807232586
60,1.0,29828.073475661633,29840.691223599813,6.613565726811709,2.0032514807232586
61,1.0,29840.691223599813,29853.369526185266,6.64530531629273,2.0032514807232586
62,1.0,29853.369526185266,29866.107112129386,6.676378562561833,2.0032514807232586
63,1.0,29866.107112129386,29878.902710143575,6.706785465623193,2.0032514807232586
64,1.0,29878.902710143575,29891.75504893925,6.736526025473271,2.0032514807232586
65,1.0,29891.75504893925,29904.66285722782,6.7656002421133365,2.0032514807232586
66,1.0,29904.66285722782,29917.62421173835,6.7936663803917625,2.0032514807232586
67,1.0,29917.62421173835,29930.634524903406,6.819327954956403,2.0032514807232586
68,1.0,29930.634524903406,29943.690922907383,6.843483225195832,2.0032514807232586
69,1.0,29943.690922907383,29956.790803407508,6.866274483002357,2.0032514807232586
70,1.0,29956.790803407508,29969.93156406098,6.887701728372438,2.0032514807232586
71,1.0,29969.93156406098,29983.110602525,6.9077649613085255,2.0032514807232586
72,1.0,29983.110602525,29996.325316456794,6.92646418181044,2.0032514807232586
73,1.0,29996.325316456794,30009.573103513576,6.943799389876092,2.0032514807232586
74,1.0,30009.573103513576,30022.85136135254,6.959770585507751,2.0032514807232586
75,1.0,30022.85136135254,30036.157487630906,6.974377768705601,2.0032514807232586
76,1.0,30036.157487630906,30049.48888000587,6.987620939466643,2.0032514807232586
77,1.0,30049.48888000587,30062.842936134664,6.9995000977936925,2.0032514807232586
78,1.0,30062.842936134664,30076.21705367448,7.010015243688112,2.0032514807232586
79,1.0,30076.21705367448,30089.60863028254,7.019166377144816,2.0032514807232586
80,1.0,30089.60863028254,30103.015063616043,7.026953498166528,2.0032514807232586
81,1.0,30103.015063616043,30116.433751332203,7.0333766067552475,2.0032514807232586
82,1.0,30116.433751332203,30129.862091088224,7.038435702908977,2.0032514807232586
83,1.0,30129.862091088224,30143.297490567496,7.042136041818648,2.0032514807232586
84,1.0,30143.297490567496,30156.738896710216,7.045284421689952,2.0032514807232586
85,1.0,30156.738896710216,30170.18673348247,7.048655022465992,2.0032514807232586
86,1.0,30170.18673348247,30183.641461442607,7.052267023930966,2.0032514807232586
87,1.0,30183.641461442607,30197.103541149016,7.056120426088053,2.0032514807232586
88,1.0,30197.103541149016,30210.573433160043,7.060215228935708,2.0032514807232586
89,1.0,30210.573433160043,30224.0515980341,7.064551432475567,2.0032514807232586
90,1.0,30224.0515980341,30237.538496329533,7.0691290367039965,2.0032514807232586
91,1.0,30237.538496329533,30251.034588604718,7.073948041624448,2.0032514807232586
92,1.0,30251.034588604718,30264.540335418023,7.079008447235741,2.0032514807232586
93,1.0,30264.540335418023,30278.056197327838,7.084310253538509,2.0032514807232586
94,1.0,30278.056197327838,30291.58263489252,7.089853460531121,2.0032514807232586
95,1.0,30291.58263489252,30305.120108670457,7.095638068215481,2.0032514807232586
96,1.0,30305.120108670457,30318.669079220006,7.101664076589048,2.0032514807232586
97,1.0,30318.669079220006,30332.230007099548,7.107931485655364,2.0032514807232586
98,1.0,30332.230007099548,30345.803352867453,7.1144402954120665,2.0032514807232586
99,1.0,30345.803352867453,30359.389577082096,7.12119050585961,2.0032514807232586
100,1.0,30359.389577082096,30372.989140301845,7.128182116997631,2.0032514807232586
101,1.0,30372.989140301845,30386.602503085087,7.135415128826403,2.0032514807232586
102,1.0,30386.602503085087,30400.23012599018,7.142889541346469,2.0032514807232586
103,1.0,30400.23012599018,30413.872469575494,7.150605354556651,2.0032514807232586
104,1.0,30413.872469575494,30427.52999439942,7.158562568460307,2.0032514807232586
105,1.0,30427.52999439942,30441.20316102031,7.166761183051263,2.0032514807232586
106,1.0,30441.20316102031,30454.892429996547,7.175201198334875,2.0032514807232586
107,1.0,30454.892429996547,30468.598261886516,7.183882614310238,2.0032514807232586
108,1.0,30468.598261886516,30482.321117248557,7.1928054309736265,2.0032514807232586
109,1.0,30482.321117248557,30496.061456641073,7.201969648331033,2.0032514807232586
110,1.0,30496.061456641073,30509.819318783186,7.211154160236236,2.0032514807232586
111,1.0,30509.819318783186,30523.583349625493,7.214387471311521,2.0032514807232586
112,1.0,30523.583349625493,30537.348712671388,7.215085742991792,2.0032514807232586
113,1.0,30537.348712671388,30551.115969217353,7.216078217023829,2.0032514807232586
114,1.0,30551.115969217353,30564.885680559863,7.217364893405906,2.0032514807232586
115,1.0,30564.885680559863,30578.65840799539,7.218945772140112,2.0032514807232586
116,1.0,30578.65840799539,30592.43471282039,7.220820853224721,2.0032514807232586
117,1.0,30592.43471282039,30606.21515633137,7.222990136660823,2.0032514807232586
118,1.0,30606.21515633137,30620.00029982477,7.225453622446875,2.0032514807232586
119,1.0,30620.00029982477,30633.790704597053,7.2282113105839665,2.0032514807232586
120,1.0,30633.790704597053,30647.58693194472,7.231263201072641,2.0032514807232586
121,1.0,30647.58693194472,30661.389543164223,7.2346092939128095,2.0032514807232586
122,1.0,30661.389543164223,30675.199099552054,7.238249589102019,2.0032514807232586
123,1.0,30675.199099552054,30689.016162404656,7.242184086643358,2.0032514807232586
124,1.0,30689.016162404656,30702.841293018522,7.246412786536189,2.0032514807232586
125,1.0,30702.841293018522,30716.67505269012,7.250935688778154,2.0032514807232586
126,1.0,30716.67505269012,30730.518002715922,7.25575279337379,2.0032514807232586
127,1.0,30730.518002715922,30744.370704392382,7.260864100316742,2.0032514807232586
128,1.0,30744.370704392382,30758.233719016,7.266269609614094,2.0032514807232586
129,1.0,30758.233719016,30772.107607883223,7.271969321260305,2.0032514807232586
130,1.0,30772.107607883223,30785.992932290537,7.277963235258463,2.0032514807232586
131,1.0,30785.992932290537,30799.890253534413,7.284251351606753,2.0032514807232586
132,1.0,30799.890253534413,30813.80013291132,7.290833670307171,2.0032514807232586
133,1.0,30813.80013291132,30827.723131717725,7.297710191358447,2.0032514807232586
134,1.0,30827.723131717725,30841.6598112501,7.30488091475831,2.0032514807232586
135,1.0,30841.6598112501,30855.608253947314,7.311046552569756,2.0032514807232586
136,1.0,30855.608253947314,30869.55162849271,7.308390091581783,2.0032514807232586
137,1.0,30869.55162849271,30883.487292704376,7.30434873657307,2.0032514807232586
138,1.0,30883.487292704376,30897.416003032526,7.300703873319127,2.0032514807232586
139,1.0,30897.416003032526,30911.338515927324,7.297455501821861,2.0032514807232586
140,1.0,30911.338515927324,30925.25558783897,7.294603622081272,2.0032514807232586
141,1.0,30925.25558783897,30939.167975217642,7.292148234097179,2.0032514807232586
142,1.0,30939.167975217642,30953.076434513543,7.290089337869127,2.0032514807232586
143,1.0,30953.076434513543,30966.98172217684,7.288426933396028,2.0032514807232586
144,1.0,30966.98172217684,30980.884594657746,7.287161020683511,2.0032514807232586
145,1.0,30980.884594657746,30994.78580840644,7.286291599723314,2.0032514807232586
146,1.0,30994.78580840644,31008.68611987311,7.285818670520519,2.0032514807232586
147,1.0,31008.68611987311,31022.586285507943,7.285742233074765,2.0032514807232586
148,1.0,31022.586285507943,31036.487061761127,7.286062287385234,2.0032514807232586
149,1.0,31036.487061761127,31050.389205082858,7.2867788334532895,2.0032514807232586
150,1.0,31050.389205082858,31064.293471923313,7.2878918712735725,2.0032514807232586
151,1.0,31064.293471923313,31078.2006187327,7.28940140085489,2.0032514807232586
152,1.0,31078.2006187327,31092.111401961185,7.291307422190163,2.0032514807232586
153,1.0,31092.111401961185,31106.026578058965,7.29360993528302,2.0032514807232586
154,1.0,31106.026578058965,31119.94690347623,7.296308940130467,2.0032514807232586
155,1.0,31119.94690347623,31133.873134663172,7.299404436735134,2.0032514807232586
156,1.0,31133.873134663172,31147.806028069983,7.30289642509766,2.0032514807232586
157,1.0,31147.806028069983,31161.746340146838,7.306784905214957,2.0032514807232586
158,1.0,31161.746340146838,31175.69482734394,7.3110698770888405,2.0032514807232586
159,1.0,31175.69482734394,31189.652246111455,7.3157513407194,2.0032514807232586
160,1.0,31189.652246111455,31203.61592152101,7.319030746328021,2.0032514807232586
161,1.0,31203.61592152101,31217.576559501904,7.317438684554293,2.0032514807232586
162,1.0,31217.576559501904,31231.533860068612,7.315689386010536,2.0032514807232586
163,1.0,31231.533860068612,31245.488127164455,7.3140993987158485,2.0032514807232586
164,1.0,31245.488127164455,31259.439664732752,7.312668722666054,2.0032514807232586
165,1.0,31259.439664732752,31273.388776716838,7.311397357860515,2.0032514807232586
166,1.0,31273.388776716838,31287.335767060034,7.310285304302503,2.0032514807232586
167,1.0,31287.335767060034,31301.28093970566,7.309332561989111,2.0032514807232586
168,1.0,31301.28093970566,31315.22459859703,7.308539130921701,2.0032514807232586
169,1.0,31315.22459859703,31329.167047677485,7.307905011099637,2.0032514807232586
170,1.0,31329.167047677485,31343.108590890326,7.3074302025241,2.0032514807232586
171,1.0,31343.108590890326,31357.049532178895,7.307114705193729,2.0032514807232586
172,1.0,31357.049532178895,31370.9901754865,7.3069585191093385,2.0032514807232586
173,1.0,31370.9901754865,31384.930824756473,7.306961644270115,2.0032514807232586
174,1.0,31384.930824756473,31398.871783932133,7.307124080678053,2.0032514807232586
175,1.0,31398.871783932133,31412.813356956816,7.307445828330065,2.0032514807232586
176,1.0,31412.813356956816,31426.75584777382,7.307926887228334,2.0032514807232586
177,1.0,31426.75584777382,31440.69956032648,7.3085672573724025,2.0032514807232586
178,1.0,31440.69956032648,31454.64479855813,7.309366938761908,2.0032514807232586
179,1.0,31454.64479855813,31468.591866412073,7.310325931397487,2.0032514807232586
180,1.0,31468.591866412073,31482.54106783164,7.31144423527932,2.0032514807232586
181,1.0,31482.54106783164,31496.49270676015,7.312721850405229,2.0032514807232586
182,1.0,31496.49270676015,31510.447087140936,7.314158776779117,2.0032514807232586
183,1.0,31510.447087140936,31524.404512917314,7.315755014395991,2.0032514807232586
184,1.0,31524.404512917314,31538.36528803261,7.317510563261571,2.0032514807232586
185,1.0,31538.36528803261,31552.327289288674,7.318153242333241,2.0032514807232586
186,1.0,31552.327289288674,31566.28770874824,7.317324147062818,2.0032514807232586
187,1.0,31566.28770874824,31580.246654029103,7.316551459436676,2.0032514807232586
188,1.0,31580.246654029103,31594.20424066995,7.31583933116737,2.0032514807232586
189,1.0,31594.20424066995,31608.160584209476,7.315187762253449,2.0032514807232586
190,1.0,31608.160584209476,31622.11580018636,7.31459675269473,2.0032514807232586
191,1.0,31622.11580018636,31636.070004139285,7.314066302493301,2.0032514807232586
192,1.0,31636.070004139285,31650.023311606947,7.313596411647892,2.0032514807232586
193,1.0,31650.023311606947,31663.97583812803,7.313187080156685,2.0032514807232586
194,1.0,31663.97583812803,31677.927699241212,7.312838308023859,2.0032514807232586
195,1.0,31677.927699241212,31691.87901048517,7.312550095244147,2.0032514807232586
196,1.0,31691.87901048517,31705.829887398613,7.312322441822451,2.0032514807232586
197,1.0,31705.829887398613,31719.780445520202,7.312155347756411,2.0032514807232586
198,1.0,31719.780445520202,31733.730800388643,7.31204881304621,2.0032514807232586
199,1.0,31733.730800388643,31747.681067542595,7.312002837691118,2.0032514807232586
200,1.0,31747.681067542595,31761.63136252077,7.312017421691502,2.0032514807232586
201,1.0,31761.63136252077,31775.581800861833,7.312092565049903,2.0032514807232586
202,1.0,31775.581800861833,31789.532498104476,7.312228267762688,2.0032514807232586
203,1.0,31789.532498104476,31803.4835697874,7.312424529833127,2.0032514807232586
204,1.0,31803.4835697874,31817.43513144927,7.312681351257225,2.0032514807232586
205,1.0,31817.43513144927,31831.387298628775,7.312998732038612,2.0032514807232586
206,1.0,31831.387298628775,31845.34018686461,7.313376672174749,2.0032514807232586
207,1.0,31845.34018686461,31859.293911695448,7.313815171668357,2.0032514807232586
208,1.0,31859.293911695448,31873.24858865998,7.314314230517077,2.0032514807232586
209,1.0,31873.24858865998,31887.20431250188,7.314862949065514,2.0032514807232586
210,1.0,31887.20431250188,31901.160402995607,7.315055128831515,2.0032514807232586
211,1.0,31901.160402995607,31915.11648259351,7.315049417810845,2.0032514807232586
212,1.0,31915.11648259351,31929.072548680757,7.3150423362361305,2.0032514807232586
213,1.0,31929.072548680757,31943.02859864254,7.315033884107919,2.0032514807232586
214,1.0,31943.02859864254,31956.984629864044,7.315024061423304,2.0032514807232586
215,1.0,31956.984629864044,31970.940639730434,7.315012868186098,2.0032514807232586
216,1.0,31970.940639730434,31984.896625626876,7.315000304394124,2.0032514807232586
217,1.0,31984.896625626876,31998.85258493856,7.314986370047198,2.0032514807232586
218,1.0,31998.85258493856,32012.80851505066,7.314971065147683,2.0032514807232586
219,1.0,32012.80851505066,32026.764413348355,7.314954389692308,2.0032514807232586
220,1.0,32026.764413348355,32040.720277216806,7.314936343682527,2.0032514807232586
221,1.0,32040.720277216806,32054.67610404121,7.314916927118885,2.0032514807232586
222,1.0,32054.67610404121,32068.631891206714,7.3148961400019274,2.0032514807232586
223,1.0,32068.631891206714,32082.587636098542,7.314873982328746,2.0032514807232586
224,1.0,32082.587636098542,32096.54333610183,7.314850454103158,2.0032514807232586
225,1.0,32096.54333610183,32110.49898860175,7.314825555321528,2.0032514807232586
226,1.0,32110.49898860175,32124.454590983518,7.314799285987308,2.0032514807232586
227,1.0,32124.454590983518,32138.41014063227,7.314771646097593,2.0032514807232586
228,1.0,32138.41014063227,32152.36563493322,7.31474263565438,2.0032514807232586
229,1.0,32152.36563493322,32166.321071271508,7.314712254656033,2.0032514807232586
230,1.0,32166.321071271508,32180.276447032324,7.314680503104553,2.0032514807232586
231,1.0,32180.276447032324,32194.23175960085,7.314647380997394,2.0032514807232586
232,1.0,32194.23175960085,32208.18700636226,7.314612888337284,2.0032514807232586
233,1.0,32208.18700636226,32222.14218470173,7.314577025121858,2.0032514807232586
234,1.0,32222.14218470173,32236.097292004426,7.3145397913520265,2.0032514807232586
235,1.0,32236.097292004426,32250.052325655535,7.314501187027971,2.0032514807232586
236,1.0,32250.052325655535,32264.007283040246,7.314461212151869,2.0032514807232586
237,1.0,32264.007283040246,32277.962161543695,7.3144198667177305,2.0032514807232586
238,1.0,32277.962161543695,32291.9169585511,7.314377150731909,2.0032514807232586
239,1.0,32291.9169585511,32305.871671447618,7.314333064191318,2.0032514807232586
240,1.0,32305.871671447618,32319.826297618438,7.3142876070955944,2.0032514807232586
241,1.0,32319.826297618438,32333.780834448702,7.314240779446011,2.0032514807232586
242,1.0,32333.780834448702,32347.73527932363,7.314192581243109,2.0032514807232586
243,1.0,32347.73527932363,32361.689629628374,7.31414301248453,2.0032514807232586
244,1.0,32361.689629628374,32375.643882748118,7.314092073172091,2.0032514807232586
245,1.0,32375.643882748118,32389.598036068026,7.314039763305609,2.0032514807232586
246,1.0,32389.598036068026,32403.552086973297,7.3139860828849015,2.0032514807232586
247,1.0,32403.552086973297,32417.506032849087,7.313931031909243,2.0032514807232586
248,1.0,32417.506032849087,32431.459871080577,7.313874610379725,2.0032514807232586
249,1.0,32431.459871080577,32445.413599052954,7.313816818297071,2.0032514807232586
250,1.0,32445.413599052954,32459.367214151374,7.313757655657468,2.0032514807232586
251,1.0,32459.367214151374,32473.32071376103,7.313697122464367,2.0032514807232586
252,1.0,32473.32071376103,32487.2740952671,7.313635218719403,2.0032514807232586
253,1.0,32487.2740952671,32501.227356054744,7.313571944417127,2.0032514807232586
254,1.0,32501.227356054744,32515.180493509157,7.313507299562987,2.0032514807232586
255,1.0,32515.180493509157,32529.1335050155,7.313441284152626,2.0032514807232586
256,1.0,32529.1335050155,32543.08638795896,7.313373898189311,2.0032514807232586
257,1.0,32543.08638795896,32557.039139724704,7.313305141670682,2.0032514807232586
258,1.0,32557.039139724704,32570.99175769791,7.31323501459801,2.0032514807232586
259,1.0,32570.99175769791,32584.944227832875,7.313157525494582,2.0032514807232586
260,1.0,32584.944227832875,32598.89650992737,7.313058964484181,2.0032514807232586
261,1.0,32598.89650992737,32612.848596128773,7.312956287533978,2.0032514807232586
262,1.0,32612.848596128773,32626.800481244798,7.312850889069093,2.0032514807232586
263,1.0,32626.800481244798,32640.752160083197,7.3127427690884375,2.0032514807232586
264,1.0,32640.752160083197,32654.703627451723,7.312631927593828,2.0032514807232586
265,1.0,32654.703627451723,32668.654878158068,7.312518364582358,2.0032514807232586
266,1.0,32668.654878158068,32682.605907009987,7.312402080056933,2.0032514807232586
267,1.0,32682.605907009987,32696.55670881522,7.312283074016827,2.0032514807232586
268,1.0,32696.55670881522,32710.50727838149,7.312161346462222,2.0032514807232586
269,1.0,32710.50727838149,32724.457610516536,7.312036897392209,2.0032514807232586
270,1.0,32724.457610516536,32738.407700028114,7.311909726806062,2.0032514807232586
271,1.0,32738.407700028114,32752.357541723908,7.311779834706144,2.0032514807232586
272,1.0,32752.357541723908,32766.3071304117,7.311647221091725,2.0032514807232586
273,1.0,32766.3071304117,32780.2564608992,7.311511885961354,2.0032514807232586
274,1.0,32780.2564608992,32794.205527994156,7.311373829315394,2.0032514807232586
275,1.0,32794.205527994156,32808.15432650428,7.311233051155298,2.0032514807232586
276,1.0,32808.15432650428,32822.102851237345,7.311089551481066,2.0032514807232586
277,1.0,32822.102851237345,32836.05109700104,7.310943330290155,2.0032514807232586
278,1.0,32836.05109700104,32849.999058603134,7.310794387584927,2.0032514807232586
279,1.0,32849.999058603134,32863.94673085134,7.310642723365925,2.0032514807232586
280,1.0,32863.94673085134,32877.8941085534,7.310488337629518,2.0032514807232586
281,1.0,32877.8941085534,32891.84118651706,7.310331230380609,2.0032514807232586
282,1.0,32891.84118651706,32905.78795955003,7.310171401614841,2.0032514807232586
283,1.0,32905.78795955003,32919.73442246007,7.310008851334029,2.0032514807232586
284,1.0,32919.73442246007,32933.680570054894,7.309843579539988,2.0032514807232586
285,1.0,32933.680570054894,32947.626397142245,7.309675586229813,2.0032514807232586
286,1.0,32947.626397142245,32961.571898529866,7.309504871404412,2.0032514807232586
287,1.0,32961.571898529866,32975.51706902547,7.309331435064876,2.0032514807232586
288,1.0,32975.51706902547,32989.461903436815,7.309155277209569,2.0032514807232586
289,1.0,32989.461903436815,33003.40639657162,7.308976397838853,2.0032514807232586
290,1.0,33003.40639657162,33017.35054323762,7.308794796955092,2.0032514807232586
291,1.0,33017.35054323762,33031.29433824255,7.308610474554471,2.0032514807232586
292,1.0,33031.29433824255,33045.23777639415,7.308423430640621,2.0032514807232586
293,1.0,33045.23777639415,33059.18085250016,7.308233665209912,2.0032514807232586
294,1.0,33059.18085250016,33073.12356136829,7.308041178263612,2.0032514807232586
295,1.0,33073.12356136829,33087.0658978063,7.307845969805356,2.0032514807232586
296,1.0,33087.0658978063,33101.007856621916,7.307648039829877,2.0032514807232586
297,1.0,33101.007856621916,33114.94943262287,7.307447388339899,2.0032514807232586
298,1.0,33114.94943262287,33128.890620616905,7.307244015335603,2.0032514807232586
299,1.0,33128.890620616905,33142.831415411725,7.30703792081608,2.0032514807232586
300,1.0,33142.831415411725,33156.7718118151,7.306829104779697,2.0032514807232586
301,1.0,33156.7718118151,33170.71180463475,7.306617567230996,2.0032514807232586
302,1.0,33170.71180463475,33184.65138867841,7.30640330816525,2.0032514807232586
303,1.0,33184.65138867841,33198.59055875383,7.306186327586642,2.0032514807232586
304,1.0,33198.59055875383,33212.52930966871,7.305966625491354,2.0032514807232586
305,1.0,33212.52930966871,33226.46763623081,7.305744201881384,2.0032514807232586
306,1.0,33226.46763623081,33240.405533247846,7.305519056755826,2.0032514807232586
307,1.0,33240.405533247846,33254.34299552758,7.305291190117403,2.0032514807232586
308,1.0,33254.34299552758,33268.28002835715,7.305066094727287,2.0032514807232586
309,1.0,33268.28002835715,33282.21716027608,7.3051180322086635,2.0032514807232586
310,1.0,33282.21716027608,33296.15467998196,7.305321289912408,2.0032514807232586
311,1.0,33296.15467998196,33310.09257482562,7.305517917583239,2.0032514807232586
312,1.0,33310.09257482562,33324.03083215789,7.305707915214982,2.0032514807232586
313,1.0,33324.03083215789,33337.969439329616,7.305891282811269,2.0032514807232586
314,1.0,33337.969439329616,33351.90838369158,7.306068020370285,2.0032514807232586
315,1.0,33351.90838369158,33365.847652594646,7.306238127893118,2.0032514807232586
316,1.0,33365.847652594646,33379.78723338963,7.306401605379224,2.0032514807232586
317,1.0,33379.78723338963,33393.72711342736,7.306558452828605,2.0032514807232586
318,1.0,33393.72711342736,33407.667280058675,7.306708670241257,2.0032514807232586
319,1.0,33407.667280058675,33421.60772063439,7.306852257617545,2.0032514807232586
320,1.0,33421.60772063439,33435.54842250533,7.30698921495747,2.0032514807232586
321,1.0,33435.54842250533,33449.48937302235,7.307119542261576,2.0032514807232586
322,1.0,33449.48937302235,33463.430559536224,7.307243239526594,2.0032514807232586
323,1.0,33463.430559536224,33477.37196939784,7.30736030675761,2.0032514807232586
324,1.0,33477.37196939784,33491.313589957994,7.307470743950445,2.0032514807232586
325,1.0,33491.313589957994,33505.25540856752,7.30757455110728,2.0032514807232586
326,1.0,33505.25540856752,33519.19741257725,7.307671728226479,2.0032514807232586
327,1.0,33519.19741257725,33533.139589337996,7.307762275309497,2.0032514807232586
328,1.0,33533.139589337996,33547.0819262006,7.307846192358511,2.0032514807232586
329,1.0,33547.0819262006,33561.02441051589,7.307923479367348,2.0032514807232586
330,1.0,33561.02441051589,33574.967029634696,7.307994136340731,2.0032514807232586
331,1.0,33574.967029634696,33588.909770907834,7.308058163279201,2.0032514807232586
332,1.0,33588.909770907834,33602.85262168614,7.308115560178583,2.0032514807232586
333,1.0,33602.85262168614,33616.79556932046,7.308166327042148,2.0032514807232586
334,1.0,33616.79556932046,33630.738601161574,7.308210463869528,2.0032514807232586
335,1.0,33630.738601161574,33644.68170456035,7.308247970659821,2.0032514807232586
336,1.0,33644.68170456035,33658.62486686762,7.308278847415383,2.0032514807232586
337,1.0,33658.62486686762,33672.56807543418,7.3083030941318565,2.0032514807232586
338,1.0,33672.56807543418,33686.511317610886,7.3083207108117865,2.0032514807232586
339,1.0,33686.511317610886,33700.454580748556,7.308331697456804,2.0032514807232586
340,1.0,33700.454580748556,33714.397852198,7.308336054064369,2.0032514807232586
341,1.0,33714.397852198,33728.34111931008,7.3083337806352064,2.0032514807232586
342,1.0,33728.34111931008,33742.2843694356,7.3083248771693174,2.0032514807232586
343,1.0,33742.2843694356,33756.22758992539,7.3083093436676085,2.0032514807232586
344,1.0,33756.22758992539,33770.17076813028,7.308287180128992,2.0032514807232586
345,1.0,33770.17076813028,33784.11389140111,7.308258386552558,2.0032514807232586
346,1.0,33784.11389140111,33798.056947088706,7.308222962941214,2.0032514807232586
347,1.0,33798.056947088706,33811.99992254389,7.308180909292417,2.0032514807232586
348,1.0,33811.99992254389,33825.94280511748,7.308132225607073,2.0032514807232586
349,1.0,33825.94280511748,33839.88558216031,7.308076911885366,2.0032514807232586
350,1.0,33839.88558216031,33853.828241023206,7.308014968126569,2.0032514807232586
351,1.0,33853.828241023206,33867.770769057,7.307946394331409,2.0032514807232586
352,1.0,33867.770769057,33881.71315361254,7.307871190500973,2.0032514807232586
353,1.0,33881.71315361254,33895.65538204062,7.307789356631632,2.0032514807232586
354,1.0,33895.65538204062,33909.59744169208,7.307700892726109,2.0032514807232586
355,1.0,33909.59744169208,33923.53931991775,7.307605798784948,2.0032514807232586
356,1.0,33923.53931991775,33937.48100406847,7.307504074807605,2.0032514807232586
357,1.0,33937.48100406847,33951.42248149505,7.3073957207920825,2.0032514807232586
358,1.0,33951.42248149505,33965.363824446176,7.3073252357698015,2.0032514807232586
359,1.0,33965.363824446176,33979.3053247444,7.30740770891522,2.0032514807232586
360,1.0,33979.3053247444,33993.24700452963,7.307501786651654,2.0032514807232586
361,1.0,33993.24700452963,34007.18885973672,7.307593733645679,2.0032514807232586
362,1.0,34007.18885973672,34021.130886300525,7.307683549897295,2.0032514807232586
363,1.0,34021.130886300525,34035.073080155875,7.307771235409953,2.0032514807232586
364,1.0,34035.073080155875,34049.01543723763,7.307856790177114,2.0032514807232586
365,1.0,34049.01543723763,34062.957953480625,7.307940214206407,2.0032514807232586
366,1.0,34062.957953480625,34076.90062481971,7.308021507493291,2.0032514807232586
367,1.0,34076.90062481971,34090.84344718974,7.308100670037039,2.0032514807232586
368,1.0,34090.84344718974,34104.78641652555,7.308177701841648,2.0032514807232586
369,1.0,34104.78641652555,34118.72952876199,7.308252602903301,2.0032514807232586
370,1.0,34118.72952876199,34132.67277983392,7.308325373223092,2.0032514807232586
371,1.0,34132.67277983392,34146.61616567617,7.308396012802472,2.0032514807232586
372,1.0,34146.61616567617,34160.55968222357,7.30846452163926,2.0032514807232586
373,1.0,34160.55968222357,34174.50332541102,7.30853089973473,2.0032514807232586
374,1.0,34174.50332541102,34188.4470911733,7.30859514708906,2.0032514807232586
375,1.0,34188.4470911733,34202.39097544531,7.3086572637028,2.0032514807232586
376,1.0,34202.39097544531,34216.33497416189,7.30871724957195,2.0032514807232586
377,1.0,34216.33497416189,34230.279083257854,7.308775104702869,2.0032514807232586
378,1.0,34230.279083257854,34244.22329866807,7.3088308290906525,2.0032514807232586
379,1.0,34244.22329866807,34258.167616327395,7.308884422737661,2.0032514807232586
380,1.0,34258.167616327395,34272.112032170655,7.308935885641352,2.0032514807232586
381,1.0,34272.112032170655,34286.056542132705,7.308985217805904,2.0032514807232586
382,1.0,34286.056542132705,34300.00114214839,7.30903241922841,2.0032514807232586
383,1.0,34300.00114214839,34313.945828152566,7.3090774899079625,2.0032514807232586
384,1.0,34313.945828152566,34327.89059608006,7.309120429847285,2.0032514807232586
385,1.0,34327.89059608006,34341.83544186574,7.309161239044744,2.0032514807232586
386,1.0,34341.83544186574,34355.780361444435,7.309199917500156,2.0032514807232586
387,1.0,34355.780361444435,34369.72535075102,7.309236465213704,2.0032514807232586
388,1.0,34369.72535075102,34383.670405720295,7.30927088218775,2.0032514807232586
389,1.0,34383.670405720295,34397.61552228715,7.309303168419386,2.0032514807232586
390,1.0,34397.61552228715,34411.56069638639,7.309333323907342,2.0032514807232586
391,1.0,34411.56069638639,34425.50592395291,7.309361348656522,2.0032514807232586
392,1.0,34425.50592395291,34439.45120092153,7.30938724266311,2.0032514807232586
393,1.0,34439.45120092153,34453.39652322708,7.309411005927109,2.0032514807232586
394,1.0,34453.39652322708,34467.341886804454,7.309432638452876,2.0032514807232586
395,1.0,34467.341886804454,34481.28728758844,7.309452140234054,2.0032514807232586
396,1.0,34481.28728758844,34495.23272151392,7.309469511273912,2.0032514807232586
397,1.0,34495.23272151392,34509.17818451576,7.309484751572997,2.0032514807232586
398,1.0,34509.17818451576,34523.12367252876,7.309497861130762,2.0032514807232586
399,1.0,34523.12367252876,34537.069181487794,7.309508839946844,2.0032514807232586
400,1.0,34537.069181487794,34551.01470732769,7.30951768801961,2.0032514807232586
401,1.0,34551.01470732769,34564.96024598332,7.309524405355051,2.0032514807232586
402,1.0,34564.96024598332,34578.90579338951,7.309528991944271,2.0032514807232586
403,1.0,34578.90579338951,34592.85134548112,7.309531447795439,2.0032514807232586
404,1.0,34592.85134548112,34606.79689819298,7.309531772902564,2.0032514807232586
405,1.0,34606.79689819298,34620.74244745996,7.309529967270186,2.0032514807232586
406,1.0,34620.74244745996,34634.687989216894,7.309526030895398,2.0032514807232586
407,1.0,34634.687989216894,34648.633519275354,7.30951989916742,2.0032514807232586
408,1.0,34648.633519275354,34662.579025188505,7.3095072434532815,2.0032514807232586
409,1.0,34662.579025188505,34676.52450113272,7.309491535308381,2.0032514807232586
410,1.0,34676.52450113272,34690.469947733945,7.30947615522802,2.0032514807232586
411,1.0,34690.469947733945,34704.41536561804,7.309461103214381,2.0032514807232586
412,1.0,34704.41536561804,34718.36075541093,7.309446379266918,2.0032514807232586
413,1.0,34718.36075541093,34732.30611773851,7.30943198338454,2.0032514807232586
414,1.0,34732.30611773851,34746.25145322669,7.3094179155672485,2.0032514807232586
415,1.0,34746.25145322669,34760.19676250136,7.309404175815771,2.0032514807232586
416,1.0,34760.19676250136,34774.14204618845,7.309390764132283,2.0032514807232586
417,1.0,34774.14204618845,34788.087304913824,7.30937768051134,2.0032514807232586
418,1.0,34788.087304913824,34802.03253930341,7.309364924956936,2.0032514807232586
419,1.0,34802.03253930341,34815.97774998311,7.309352497469253,2.0032514807232586
420,1.0,34815.97774998311,34829.92293757881,7.309340398045929,2.0032514807232586
421,1.0,34829.92293757881,34843.86810271645,7.3093286266886,2.0032514807232586
422,1.0,34843.86810271645,34857.81324602189,7.309317183398173,2.0032514807232586
423,1.0,34857.81324602189,34871.75836812106,7.3093060681719235,2.0032514807232586
424,1.0,34871.75836812106,34885.703469639855,7.309295281013123,2.0032514807232586
425,1.0,34885.703469639855,34899.64855120417,7.309284821917046,2.0032514807232586
426,1.0,34899.64855120417,34913.59361343992,7.3092746908904145,2.0032514807232586
427,1.0,34913.59361343992,34927.538656972996,7.309264887925236,2.0032514807232586
428,1.0,34927.538656972996,34941.48368242932,7.309255413030231,2.0032514807232586
429,1.0,34941.48368242932,34955.42869043478,7.3092462661986755,2.0032514807232586
430,1.0,34955.42869043478,34969.373681615274,7.309237447429664,2.0032514807232586
431,1.0,34969.373681615274,34983.318656596726,7.3092289567322775,2.0032514807232586
432,1.0,34983.318656596726,34997.26361600502,7.309220794097071,2.0032514807232586
433,1.0,34997.26361600502,35011.20856046606,7.309212959527677,2.0032514807232586
434,1.0,35011.20856046606,35025.15349060576,7.309205453024459,2.0032514807232586
435,1.0,35025.15349060576,35039.09840705002,7.309198274587598,2.0032514807232586
436,1.0,35039.09840705002,35053.04331042473,7.3091914242158245,2.0032514807232586
437,1.0,35053.04331042473,35066.9882013558,7.309184901908773,2.0032514807232586
438,1.0,35066.9882013558,35080.93308046915,7.309178707668988,2.0032514807232586
439,1.0,35080.93308046915,35094.877948390655,7.309172841494651,2.0032514807232586
440,1.0,35094.877948390655,35108.82280574623,7.309167303384673,2.0032514807232586
441,1.0,35108.82280574623,35122.76765316179,7.309162093341237,2.0032514807232586
442,1.0,35122.76765316179,35136.71249126322,7.3091572113630665,2.0032514807232586
443,1.0,35136.71249126322,35150.65732067643,7.309152657451799,2.0032514807232586
444,1.0,35150.65732067643,35164.60214202733,7.309148431605254,2.0032514807232586
445,1.0,35164.60214202733,35178.546955941805,7.309144533825431,2.0032514807232586
446,1.0,35178.546955941805,35192.49176304577,7.309140964108332,2.0032514807232586
447,1.0,35192.49176304577,35206.43656396514,7.309137722460132,2.0032514807232586
448,1.0,35206.43656396514,35220.381359325795,7.309134808875931,2.0032514807232586
449,1.0,35220.381359325795,35234.326149753644,7.3091322233591765,2.0032514807232586
450,1.0,35234.326149753644,35248.2709358746,7.309129965904964,2.0032514807232586
451,1.0,35248.2709358746,35262.21571831455,7.309128036519835,2.0032514807232586
452,1.0,35262.21571831455,35276.16049769941,7.309126435198338,2.0032514807232586
453,1.0,35276.16049769941,35290.10527465508,7.309125161941747,2.0032514807232586
454,1.0,35290.10527465508,35304.05004980747,7.309124216753873,2.0032514807232586
455,1.0,35304.05004980747,35317.99482378246,7.309123599629269,2.0032514807232586
456,1.0,35317.99482378246,35331.93959720597,7.3091233105710245,2.0032514807232586
457,1.0,35331.93959720597,35345.88437070391,7.309123349578591,2.0032514807232586
458,1.0,35345.88437070391,35359.82914490216,7.309123716651062,2.0032514807232586
459,1.0,35359.82914490216,35373.77392042665,7.309124411790254,2.0032514807232586
460,1.0,35373.77392042665,35387.71869790327,7.309125434994532,2.0032514807232586
461,1.0,35387.71869790327,35401.66347795792,7.309126786265894,2.0032514807232586
462,1.0,35401.66347795792,35415.6082612165,7.309128465599982,2.0032514807232586
463,1.0,35415.6082612165,35429.553048304915,7.309130473001698,2.0032514807232586
464,1.0,35429.553048304915,35443.49783984908,7.309132808469589,2.0032514807232586
465,1.0,35443.49783984908,35457.44263647489,7.309135472002205,2.0032514807232586
466,1.0,35457.44263647489,35471.38743880824,7.309138463600268,2.0032514807232586
467,1.0,35471.38743880824,35485.33224747503,7.309141783263964,2.0032514807232586
468,1.0,35485.33224747503,35499.277063101195,7.309145430994562,2.0032514807232586
469,1.0,35499.277063101195,35513.2218863126,7.3091494067900635,2.0032514807232586
470,1.0,35513.2218863126,35527.16671773516,7.309153710651379,2.0032514807232586
471,1.0,35527.16671773516,35541.111557994795,7.309158342578143,2.0032514807232586
472,1.0,35541.111557994795,35555.056407717384,7.3091633025707194,2.0032514807232586
473,1.0,35555.056407717384,35569.001267528845,7.309168590628019,2.0032514807232586
474,1.0,35569.001267528845,35582.94613805508,7.309174206753492,2.0032514807232586
475,1.0,35582.94613805508,35596.89101992199,7.309180150941874,2.0032514807232586
476,1.0,35596.89101992199,35610.83591375546,7.309186423198609,2.0032514807232586
477,1.0,35610.83591375546,35624.78082018142,7.3091930235177065,2.0032514807232586
478,1.0,35624.78082018142,35638.725739825764,7.30919995190643,2.0032514807232586
479,1.0,35638.725739825764,35652.67067331438,7.309207208356789,2.0032514807232586
480,1.0,35652.67067331438,35666.61562127319,7.309214792874959,2.0032514807232586
481,1.0,35666.61562127319,35680.560584328094,7.30922270545985,2.0032514807232586
482,1.0,35680.560584328094,35694.50556310499,7.309230946108373,2.0032514807232586
483,1.0,35694.50556310499,35708.45055822978,7.309239514823436,2.0032514807232586
484,1.0,35708.45055822978,35722.39557032837,7.309248411603585,2.0032514807232586
485,1.0,35722.39557032837,35736.34060002667,7.309257636451363,2.0032514807232586
486,1.0,35736.34060002667,35750.285647950564,7.309267189362411,2.0032514807232586
487,1.0,35750.285647950564,35764.23071472596,7.30927707034018,2.0032514807232586
488,1.0,35764.23071472596,35778.17580097879,7.309287279383943,2.0032514807232586
489,1.0,35778.17580097879,35792.12090733492,7.309297816493337,2.0032514807232586
490,1.0,35792.12090733492,35806.066034420255,7.309308681666363,2.0032514807232586
491,1.0,35806.066034420255,35820.011182860726,7.30931987490811,2.0032514807232586
492,1.0,35820.011182860726,35833.95635328222,7.309331396215849,2.0032514807232586
493,1.0,35833.95635328222,35847.901546310626,7.309343245584317,2.0032514807232586
494,1.0,35847.901546310626,35861.84676257187,7.3093554230244075,2.0032514807232586
495,1.0,35861.84676257187,35875.79200269184,7.309367928526316,2.0032514807232586
496,1.0,35875.79200269184,35889.737267296456,7.309380762095309,2.0032514807232586
497,1.0,35889.737267296456,35903.68255701159,7.309393923729206,2.0032514807232586
498,1.0,35903.68255701159,35917.62787246317,7.309407413430732,2.0032514807232586
499,1.0,35917.62787246317,35931.573214277116,7.3094212311962545,2.0032514807232586
500,1.0,35931.573214277116,35945.518583079276,7.309435377027226,2.0032514807232586
501,1.0,35945.518583079276,35959.46397949561,7.309449850925463,2.0032514807232586
502,1.0,35959.46397949561,35973.40940415197,7.309464652887334,2.0032514807232586
503,1.0,35973.40940415197,35987.35485767429,7.309479782914837,2.0032514807232586
504,1.0,35987.35485767429,36001.30034068848,7.309495241010692,2.0032514807232586
505,1.0,36001.30034068848,36015.24585382043,7.309511027170365,2.0032514807232586
506,1.0,36015.24585382043,36029.19139749467,7.309527035851774,2.0032514807232586
507,1.0,36029.19139749467,36043.136946662315,7.309529915205677,2.0032514807232586
508,1.0,36043.136946662315,36057.082483790895,7.309523604954178,2.0032514807232586
509,1.0,36057.082483790895,36071.02800911206,7.309517416122369,2.0032514807232586
510,1.0,36071.02800911206,36084.973522857465,7.309511348715516,2.0032514807232586
511,1.0,36084.973522857465,36098.91902525879,7.3095054027330715,2.0032514807232586
512,1.0,36098.91902525879,36112.864516547656,7.309499578171043,2.0032514807232586
513,1.0,36112.864516547656,36126.80999695576,7.309493875033609,2.0032514807232586
514,1.0,36126.80999695576,36140.75546671472,7.309488293318222,2.0032514807232586
515,1.0,36140.75546671472,36154.700926056226,7.30948283302525,2.0032514807232586
516,1.0,36154.700926056226,36168.64637521192,7.309477494156142,2.0032514807232586
517,1.0,36168.64637521192,36182.59181441346,7.309472276709993,2.0032514807232586
518,1.0,36182.59181441346,36196.53724389252,7.309467180686801,2.0032514807232586
519,1.0,36196.53724389252,36210.48266388074,7.309462206087294,2.0032514807232586
520,1.0,36210.48266388074,36224.428074609794,7.309457352910019,2.0032514807232586
521,1.0,36224.428074609794,36238.37347631132,7.309452621152794,2.0032514807232586
522,1.0,36238.37347631132,36252.318869216986,7.309448010824158,2.0032514807232586
523,1.0,36252.318869216986,36266.26425355846,7.309443521914122,2.0032514807232586
524,1.0,36266.26425355846,36280.20962956737,7.309439154429403,2.0032514807232586
525,1.0,36280.20962956737,36294.154997475416,7.309434908366372,2.0032514807232586
526,1.0,36294.154997475416,36308.10035751421,7.309430783727387,2.0032514807232586
527,1.0,36308.10035751421,36322.04570991545,7.309426780510635,2.0032514807232586
528,1.0,36322.04570991545,36335.991054910766,7.309422898715206,2.0032514807232586
529,1.0,36335.991054910766,36349.93639273182,7.3094191383449125,2.0032514807232586
530,1.0,36349.93639273182,36363.8817236103,7.309415499397578,2.0032514807232586
531,1.0,36363.8817236103,36377.82704777782,7.309411981873565,2.0032514807232586
532,1.0,36377.82704777782,36391.77236546607,7.309408585770693,2.0032514807232586
533,1.0,36391.77236546607,36405.717676906694,7.309405311092413,2.0032514807232586
534,1.0,36405.717676906694,36419.66298233134,7.309402157836002,2.0032514807232586
535,1.0,36419.66298233134,36433.60828197168,7.309399126001822,2.0032514807232586
536,1.0,36433.60828197168,36447.553576059385,7.3093962155924155,2.0032514807232586
537,1.0,36447.553576059385,36461.498864826084,7.309393426605604,2.0032514807232586
538,1.0,36461.498864826084,36475.44414850345,7.309390759041205,2.0032514807232586
539,1.0,36475.44414850345,36489.389427323134,7.309388212901399,2.0032514807232586
540,1.0,36489.389427323134,36503.33470151682,7.309385788180918,2.0032514807232586
541,1.0,36503.33470151682,36517.279971316115,7.309383484885756,2.0032514807232586
542,1.0,36517.279971316115,36531.22523695271,7.30938130301446,2.0032514807232586
543,1.0,36531.22523695271,36545.17049865828,7.309379242564124,2.0032514807232586
544,1.0,36545.17049865828,36559.11575666445,7.309377303538199,2.0032514807232586
545,1.0,36559.11575666445,36573.06101120288,7.309375485935049,2.0032514807232586
546,1.0,36573.06101120288,36587.00626250525,7.30937378975395,2.0032514807232586
547,1.0,36587.00626250525,36600.95151080321,7.3093722149970795,2.0032514807232586
548,1.0,36600.95151080321,36614.896756328395,7.309370761660988,2.0032514807232586
549,1.0,36614.896756328395,36628.841999312484,7.30936942975076,2.0032514807232586
550,1.0,36628.841999312484,36642.78723998715,7.309368219261672,2.0032514807232586
551,1.0,36642.78723998715,36656.73247858402,7.309367130195725,2.0032514807232586
552,1.0,36656.73247858402,36670.67771533476,7.309366162552554,2.0032514807232586
553,1.0,36670.67771533476,36684.62295047104,7.309365316333431,2.0032514807232586
554,1.0,36684.62295047104,36698.56818422451,7.309364591535993,2.0032514807232586
555,1.0,36698.56818422451,36712.51341682682,7.309363988161696,2.0032514807232586
556,1.0,36712.51341682682,36726.45864850964,7.309363506211264,2.0032514807232586
557,1.0,36726.45864850964,36740.40387950463,7.309363145683791,2.0032514807232586
558,1.0,36740.40387950463,36754.34911004343,7.309362906576732,2.0032514807232586
559,1.0,36754.34911004343,36768.294340357716,7.309362788896808,2.0032514807232586
560,1.0,36768.294340357716,36782.23957067914,7.309362792637118,2.0032514807232586
561,1.0,36782.23957067914,36796.18480123936,7.309362917800567,2.0032514807232586
562,1.0,36796.18480123936,36810.13003227002,7.30936316438661,2.0032514807232586
563,1.0,36810.13003227002,36824.07526400281,7.3093635323970645,2.0032514807232586
564,1.0,36824.07526400281,36838.020496669356,7.309364021830477,2.0032514807232586
565,1.0,36838.020496669356,36851.96573050134,7.30936463268594,2.0032514807232586
566,1.0,36851.96573050134,36865.91096573038,7.309365364962907,2.0032514807232586
567,1.0,36865.91096573038,36879.8562025882,7.309366218665737,2.0032514807232586
568,1.0,36879.8562025882,36893.801441306394,7.30936719378971,2.0032514807232586
569,1.0,36893.801441306394,36907.746682116645,7.309368290336458,2.0032514807232586
570,1.0,36907.746682116645,36921.69192525062,7.309369508308342,2.0032514807232586
571,1.0,36921.69192525062,36935.63717093996,7.309370847701189,2.0032514807232586
572,1.0,36935.63717093996,36949.58241941634,7.309372308517719,2.0032514807232586
573,1.0,36949.58241941634,36963.527670911404,7.30937389075648,2.0032514807232586
574,1.0,36963.527670911404,36977.47292565681,7.309375594419469,2.0032514807232586
575,1.0,36977.47292565681,36991.41818388423,7.30937741950342,2.0032514807232586
576,1.0,36991.41818388423,37005.363445825315,7.309379366012326,2.0032514807232586
577,1.0,37005.363445825315,37019.3087117117,7.309381433943827,2.0032514807232586
578,1.0,37019.3087117117,37033.25398177508,7.309383623297559,2.0032514807232586
579,1.0,37033.25398177508,37047.1992562471,7.309385934073521,2.0032514807232586
580,1.0,37047.1992562471,37061.1445353594,7.30938836627444,2.0032514807232586
581,1.0,37061.1445353594,37075.08981934366,7.3093909198965,2.0032514807232586
582,1.0,37075.08981934366,37089.03510843152,7.3093935949433355,2.0032514807232586
583,1.0,37089.03510843152,37102.98040285466,7.309396391412401,2.0032514807232586
584,1.0,37102.98040285466,37116.92570284472,7.309399309303879,2.0032514807232586
585,1.0,37116.92570284472,37130.87100863335,7.3094023486190425,2.0032514807232586
586,1.0,37130.87100863335,37144.816320452235,7.309405509355347,2.0032514807232586
587,1.0,37144.816320452235,37158.76163853301,7.309408791517152,2.0032514807232586
588,1.0,37158.76163853301,37172.706963107354,7.309412195099735,2.0032514807232586
589,1.0,37172.706963107354,37186.65229440689,7.309415720107274,2.0032514807232586
590,1.0,37186.65229440689,37200.59763266332,7.309419366536499,2.0032514807232586
591,1.0,37200.59763266332,37214.542978108264,7.3094231343890455,2.0032514807232586
592,1.0,37214.542978108264,37228.4883309734,7.309427023664369,2.0032514807232586
593,1.0,37228.4883309734,37242.43369149039,7.309431034363193,2.0032514807232586
594,1.0,37242.43369149039,37256.379059890874,7.309435166483524,2.0032514807232586
595,1.0,37256.379059890874,37270.324436406525,7.30943942002772,2.0032514807232586
596,1.0,37270.324436406525,37284.26982126898,7.3094437949965085,2.0032514807232586
597,1.0,37284.26982126898,37298.215214709926,7.309448291386438,2.0032514807232586
598,1.0,37298.215214709926,37312.160616961,7.309452909198055,2.0032514807232586
599,1.0,37312.160616961,37326.106028253875,7.309457648435717,2.0032514807232586
600,1.0,37326.106028253875,37340.05144882018,7.309462509094157,2.0032514807232586
601,1.0,37340.05144882018,37353.996878891616,7.309467491176282,2.0032514807232586
602,1.0,37353.996878891616,37367.9423186998,7.309472594681363,2.0032514807232586
603,1.0,37367.9423186998,37381.88776847642,7.3094778196092225,2.0032514807232586
604,1.0,37381.88776847642,37395.833228453106,7.309483165960221,2.0032514807232586
605,1.0,37395.833228453106,37409.77869882886,7.309488616596053,2.0032514807232586
606,1.0,37409.77869882886,37423.724171231326,7.309489678906509,2.0032514807232586
607,1.0,37423.724171231326,37437.669639053405,7.309487278099059,2.0032514807232586
608,1.0,37437.669639053405,37451.615102323914,7.309484892401763,2.0032514807232586
609,1.0,37451.615102323914,37465.560561071674,7.309482521814803,2.0032514807232586
610,1.0,37465.560561071674,37479.5060153255,7.309480166333275,2.0032514807232586
611,1.0,37479.5060153255,37493.45146511424,7.309477825961902,2.0032514807232586
612,1.0,37493.45146511424,37507.3969104667,7.309475500701045,2.0032514807232586
613,1.0,37507.3969104667,37521.342351411724,7.309473190546711,2.0032514807232586
614,1.0,37521.342351411724,37535.28778797812,7.309470895502533,2.0032514807232586
615,1.0,37535.28778797812,37549.23322019472,7.309468615565239,2.0032514807232586
616,1.0,37549.23322019472,37563.178648090354,7.309466350738099,2.0032514807232586
617,1.0,37563.178648090354,37577.12407169384,7.309464101020023,2.0032514807232586
618,1.0,37577.12407169384,37591.069491034,7.309461866410831,2.0032514807232586
619,1.0,37591.069491034,37605.01490613968,7.309459646910884,2.0032514807232586
620,1.0,37605.01490613968,37618.960317039695,7.309457442517461,2.0032514807232586
621,1.0,37618.960317039695,37632.90572376286,7.309455253234555,2.0032514807232586
622,1.0,37632.90572376286,37646.85112633801,7.309453079060531,2.0032514807232586
623,1.0,37646.85112633801,37660.79652479397,7.309450919994483,2.0032514807232586
624,1.0,37660.79652479397,37674.741919159555,7.3094487760375,2.0032514807232586
625,1.0,37674.741919159555,37688.687309463596,7.30944664718958,2.0032514807232586
626,1.0,37688.687309463596,37702.63269573493,7.309444533451452,2.0032514807232586
627,1.0,37702.63269573493,37716.57807800238,7.309442434820028,2.0032514807232586
628,1.0,37716.57807800238,37730.52345629475,7.309440351297487,2.0032514807232586
629,1.0,37730.52345629475,37744.468830640886,7.309438282885099,2.0032514807232586
630,1.0,37744.468830640886,37758.41420106961,7.309436229581413,2.0032514807232586
631,1.0,37758.41420106961,37772.35956760976,7.309434191386429,2.0032514807232586
632,1.0,37772.35956760976,37786.30493029013,7.309432168299783,2.0032514807232586
633,1.0,37786.30493029013,37800.25028913956,7.309430160321657,2.0032514807232586
634,1.0,37800.25028913956,37814.19564418689,7.309428167453141,2.0032514807232586
635,1.0,37814.19564418689,37828.140995460926,7.309426189691872,2.0032514807232586
636,1.0,37828.140995460926,37842.0863429905,7.309424227040759,2.0032514807232586
637,1.0,37842.0863429905,37856.03168680445,7.309422279499799,2.0032514807232586
638,1.0,37856.03168680445,37869.97702693156,7.309420347065724,2.0032514807232586
639,1.0,37869.97702693156,37883.922363400714,7.309418429740533,2.0032514807232586
640,1.0,37883.922363400714,37897.867696240704,7.309416527523862,2.0032514807232586
641,1.0,37897.867696240704,37911.81302548036,7.309414640415528,2.0032514807232586
642,1.0,37911.81302548036,37925.7583511485,7.309412768418257,2.0032514807232586
643,1.0,37925.7583511485,37939.703673273965,7.309410911527872,2.0032514807232586
644,1.0,37939.703673273965,37953.648991885566,7.309409069747277,2.0032514807232586
645,1.0,37953.648991885566,37967.594307012136,7.309407243075565,2.0032514807232586
646,1.0,37967.594307012136,37981.539618682495,7.309405431512011,2.0032514807232586
647,1.0,37981.539618682495,37995.48492692548,7.309403635056611,2.0032514807232586
648,1.0,37995.48492692548,38009.4302317699,7.309401853711368,2.0032514807232586
649,1.0,38009.4302317699,38023.37553324461,7.309400087473735,2.0032514807232586
650,1.0,38023.37553324461,38037.3208313784,7.309398336345894,2.0032514807232586
651,1.0,38037.3208313784,38051.266126200106,7.309396600326573,2.0032514807232586
652,1.0,38051.266126200106,38065.21141773857,7.309394879416497,2.0032514807232586
653,1.0,38065.21141773857,38079.15670602259,7.309393173613126,2.0032514807232586
654,1.0,38079.15670602259,38093.101991081014,7.3093914829204545,2.0032514807232586
655,1.0,38093.101991081014,38107.04727294266,7.309389807336301,2.0032514807232586
656,1.0,38107.04727294266,38120.99255163636,7.309388146861032,2.0032514807232586
657,1.0,38120.99255163636,38134.93782719093,7.309386501495371,2.0032514807232586
658,1.0,38134.93782719093,38148.8830996352,7.309384871236415,2.0032514807232586
659,1.0,38148.8830996352,38162.828368997994,7.309383256087614,2.0032514807232586
660,1.0,38162.828368997994,38176.77363530813,7.309381656047149,2.0032514807232586
661,1.0,38176.77363530813,38190.718898594445,7.3093800711141155,2.0032514807232586
662,1.0,38190.718898594445,38204.66415888575,7.309378501292689,2.0032514807232586
663,1.0,38204.66415888575,38218.6094162109,7.3093769465790555,2.0032514807232586
664,1.0,38218.6094162109,38232.55467059869,7.309375406974305,2.0032514807232586
665,1.0,38232.55467059869,38246.499922077965,7.309373882478075,2.0032514807232586
666,1.0,38246.499922077965,38260.445170677536,7.309372373089274,2.0032514807232586
667,1.0,38260.445170677536,38274.390416426235,7.3093708788111735,2.0032514807232586
668,1.0,38274.390416426235,38288.33565935289,7.309369399639777,2.0032514807232586
669,1.0,38288.33565935289,38302.28089948631,7.309367935579805,2.0032514807232586
670,1.0,38302.28089948631,38316.226136855345,7.309366486627444,2.0032514807232586
671,1.0,38316.226136855345,38330.17137148882,7.309365052784694,2.0032514807232586
672,1.0,38330.17137148882,38344.11660341553,7.309363634048466,2.0032514807232586
673,1.0,38344.11660341553,38358.06183266432,7.309362230422753,2.0032514807232586
674,1.0,38358.06183266432,38372.007059264026,7.309360841903928,2.0032514807232586
675,1.0,38372.007059264026,38385.952283243474,7.309359468499434,2.0032514807232586
676,1.0,38385.952283243474,38399.897504631444,7.309358110196014,2.0032514807232586
677,1.0,38399.897504631444,38413.84272345682,7.309356767008195,2.0032514807232586
678,1.0,38413.84272345682,38427.7879397484,7.3093554389245385,2.0032514807232586
679,1.0,38427.7879397484,38441.73315353502,7.3093541259513986,2.0032514807232586
680,1.0,38441.73315353502,38455.678364845495,7.309352828087324,2.0032514807232586
681,1.0,38455.678364845495,38469.62357370864,7.309351545330498,2.0032514807232586
682,1.0,38469.62357370864,38483.568780153306,7.309350277684734,2.0032514807232586
683,1.0,38483.568780153306,38497.5139842083,7.3093490251449476,2.0032514807232586
684,1.0,38497.5139842083,38511.459185902466,7.309347787718039,2.0032514807232586
685,1.0,38511.459185902466,38525.40438526461,7.309346565397653,2.0032514807232586
686,1.0,38525.40438526461,38539.34958232356,7.309345358183971,2.0032514807232586
687,1.0,38539.34958232356,38553.294777108145,7.3093441660822585,2.0032514807232586
688,1.0,38553.294777108145,38567.23996964719,7.309342989086706,2.0032514807232586
689,1.0,38567.23996964719,38581.18515996954,7.30934182720167,2.0032514807232586
690,1.0,38581.18515996954,38595.130348103994,7.309340680426244,2.0032514807232586
691,1.0,38595.130348103994,38609.07553407938,7.3093395487586115,2.0032514807232586
692,1.0,38609.07553407938,38623.020717924526,7.309338432198953,2.0032514807232586
693,1.0,38623.020717924526,38636.96589966827,7.309337330748724,2.0032514807232586
694,1.0,38636.96589966827,38650.91107933943,7.309336244407013,2.0032514807232586
695,1.0,38650.91107933943,38664.85625696682,7.309335173175095,2.0032514807232586
696,1.0,38664.85625696682,38678.801432579276,7.309334117050969,2.0032514807232586
697,1.0,38678.801432579276,38692.746606205634,7.309333076035908,2.0032514807232586
698,1.0,38692.746606205634,38706.6917778747,7.309332050130093,2.0032514807232586
699,1.0,38706.6917778747,38720.63694761531,7.309331039332616,2.0032514807232586
700,1.0,38720.63694761531,38734.58211545629,7.309330043644204,2.0032514807232586
701,1.0,38734.58211545629,38748.52728142645,7.309329063063041,2.0032514807232586
702,1.0,38748.52728142645,38762.47244555463,7.309328097593122,2.0032514807232586
703,1.0,38762.47244555463,38776.41760786967,7.309327147230996,2.0032514807232586
704,1.0,38776.41760786967,38790.362768400366,7.309326211976844,2.0032514807232586
705,1.0,38790.362768400366,38804.30792717556,7.309325291833211,2.0032514807232586
706,1.0,38804.30792717556,38818.253084224074,7.309324386796463,2.0032514807232586
707,1.0,38818.253084224074,38832.19823957472,7.309323496869868,2.0032514807232586
708,1.0,38832.19823957472,38846.14339325635,7.309322622050704,2.0032514807232586
709,1.0,38846.14339325635,38860.088545297775,7.309321762342058,2.0032514807232586
710,1.0,38860.088545297775,38874.03369572782,7.309320917741023,2.0032514807232586
711,1.0,38874.03369572782,38887.97884457531,7.309320088249235,2.0032514807232586
712,1.0,38887.97884457531,38901.92399186907,7.309319273866692,2.0032514807232586
713,1.0,38901.92399186907,38915.869137637936,7.3093184745917625,2.0032514807232586
714,1.0,38915.869137637936,38929.814281910716,7.309317690425715,2.0032514807232586
715,1.0,38929.814281910716,38943.75942471625,7.309316921369096,2.0032514807232586
716,1.0,38943.75942471625,38957.704566083354,7.309316167420996,2.0032514807232586
717,1.0,38957.704566083354,38971.64970604086,7.309315428583232,2.0032514807232586
718,1.0,38971.64970604086,38985.59484461759,7.309314704850719,2.0032514807232586
719,1.0,38985.59484461759,38999.539981842376,7.309313996231629,2.0032514807232586
720,1.0,38999.539981842376,39013.485117744036,7.309313302717064,2.0032514807232586
721,1.0,39013.485117744036,39027.43025235139,7.309312624313924,2.0032514807232586
722,1.0,39027.43025235139,39041.375385693274,7.309311961018578,2.0032514807232586
723,1.0,39041.375385693274,39055.32051779851,7.309311312831388,2.0032514807232586
724,1.0,39055.32051779851,39069.265648695924,7.309310679755079,2.0032514807232586
725,1.0,39069.265648695924,39083.21077841433,7.309310061786381,2.0032514807232586
726,1.0,39083.21077841433,39097.15590698258,7.3093094589247505,2.0032514807232586
727,1.0,39097.15590698258,39111.101034429485,7.309308871174546,2.0032514807232586
728,1.0,39111.101034429485,39125.04616078386,7.309308298531045,2.0032514807232586
729,1.0,39125.04616078386,39138.99128607454,7.309307740998061,2.0032514807232586
730,1.0,39138.99128607454,39152.93641033035,7.3093071985741425,2.0032514807232586
731,1.0,39152.93641033035,39166.88153358012,7.309306671256564,2.0032514807232586
732,1.0,39166.88153358012,39180.82665585267,7.309306159050229,2.0032514807232586
733,1.0,39180.82665585267,39194.77177717682,7.309305661951507,2.0032514807232586
734,1.0,39194.77177717682,39208.71689758141,7.309305179961848,2.0032514807232586
735,1.0,39208.71689758141,39222.66201709525,7.309304713080347,2.0032514807232586
736,1.0,39222.66201709525,39236.60713574718,7.309304261309726,2.0032514807232586
737,1.0,39236.60713574718,39250.55225356602,7.309303824645264,2.0032514807232586
738,1.0,39250.55225356602,39264.49737058059,7.309303403091319,2.0032514807232586
739,1.0,39264.49737058059,39278.44248681972,7.3093029966458944,2.0032514807232586
740,1.0,39278.44248681972,39292.38760231223,7.309302605308263,2.0032514807232586
741,1.0,39292.38760231223,39306.33271708695,7.309302229079515,2.0032514807232586
742,1.0,39306.33271708695,39320.2778311727,7.309301867960013,2.0032514807232586
743,1.0,39320.2778311727,39334.22294459833,7.30930152195121,2.0032514807232586
744,1.0,39334.22294459833,39348.168057392635,7.309301191047658,2.0032514807232586
745,1.0,39348.168057392635,39362.11316958445,7.309300875256258,2.0032514807232586
746,1.0,39362.11316958445,39376.058281202604,7.309300574570654,2.0032514807232586
747,1.0,39376.058281202604,39390.00339227592,7.309300288996293,2.0032514807232586
748,1.0,39390.00339227592,39403.94850283322,7.309300018529181,2.0032514807232586
749,1.0,39403.94850283322,39417.89361290335,7.309299763171497,2.0032514807232586
750,1.0,39417.89361290335,39431.8387225151,7.309299522922878,2.0032514807232586
751,1.0,39431.8387225151,39445.78383169732,7.309299297782233,2.0032514807232586
752,1.0,39445.78383169732,39459.728940478824,7.30929908775138,2.0032514807232586
753,1.0,39459.728940478824,39473.67404888846,7.3092988928277745,2.0032514807232586
754,1.0,39473.67404888846,39487.619156955014,7.30929871301378,2.0032514807232586
755,1.0,39487.619156955014,39501.56426470736,7.309298548308848,2.0032514807232586
756,1.0,39501.56426470736,39515.50937217429,7.30929839871389,2.0032514807232586
757,1.0,39515.50937217429,39529.45447938462,7.3092982642259985,2.0032514807232586
758,1.0,39529.45447938462,39543.3995863672,7.309298144847354,2.0032514807232586
759,1.0,39543.3995863672,39557.34469315086,7.309298040576684,2.0032514807232586
760,1.0,39557.34469315086,39571.289799764396,7.309297951415987,2.0032514807232586
761,1.0,39571.289799764396,39585.234906236656,7.309297877363447,2.0032514807232586
762,1.0,39585.234906236656,39599.18001259646,7.30929781841997,2.0032514807232586
763,1.0,39599.18001259646,39613.125118872646,7.309297774585558,2.0032514807232586
764,1.0,39613.125118872646,39627.070225094016,7.309297745859849,2.0032514807232586
765,1.0,39627.070225094016,39641.01533128942,7.309297732242295,2.0032514807232586
766,1.0,39641.01533128942,39654.96043748765,7.3092977337343505,2.0032514807232586
767,1.0,39654.96043748765,39668.90554371756,7.309297750333837,2.0032514807232586
768,1.0,39668.90554371756,39682.85065000797,7.309297782043841,2.0032514807232586
769,1.0,39682.85065000797,39696.7957563877,7.309297828862001,2.0032514807232586
770,1.0,39696.7957563877,39710.74086288557,7.3092978907885,2.0032514807232586
771,1.0,39710.74086288557,39724.68596953042,7.309297967824971,2.0032514807232586
772,1.0,39724.68596953042,39738.63107635107,7.309298059968327,2.0032514807232586
773,1.0,39738.63107635107,39752.576183376346,7.309298167222019,2.0032514807232586
774,1.0,39752.576183376346,39766.52129063506,7.309298289583505,2.0032514807232586
775,1.0,39766.52129063506,39780.46639815606,7.3092984270546,2.0032514807232586
776,1.0,39780.46639815606,39794.41150596814,7.30929857963367,2.0032514807232586
777,1.0,39794.41150596814,39808.35661410017,7.309298747323621,2.0032514807232586
778,1.0,39808.35661410017,39822.30172258094,7.309298930118641,2.0032514807232586
779,1.0,39822.30172258094,39836.2468314393,7.309299128026903,2.0032514807232586
780,1.0,39836.2468314393,39850.19194070405,7.309299341039871,2.0032514807232586
781,1.0,39850.19194070405,39864.13705040403,7.30929956916372,2.0032514807232586
782,1.0,39864.13705040403,39878.082160568054,7.309299812396814,2.0032514807232586
783,1.0,39878.082160568054,39892.027271224964,7.3093000707378835,2.0032514807232586
784,1.0,39892.027271224964,39905.972382403575,7.309300344187655,2.0032514807232586
785,1.0,39905.972382403575,39919.91749413272,7.309300632745401,2.0032514807232586
786,1.0,39919.91749413272,39933.86260644122,7.309300936414936,2.0032514807232586
787,1.0,39933.86260644122,39947.80771935789,7.309301255189177,2.0032514807232586
788,1.0,39947.80771935789,39961.75283291158,7.309301589075388,2.0032514807232586
789,1.0,39961.75283291158,39975.697947131084,7.3093019380681215,2.0032514807232586
790,1.0,39975.697947131084,39989.643062045274,7.309302302172643,2.0032514807232586
791,1.0,39989.643062045274,40003.58817768292,7.309302681382235,2.0032514807232586
792,1.0,40003.58817768292,40017.53329407288,7.309303075703978,2.0032514807232586
793,1.0,40017.53329407288,40031.47841124397,7.30930348513297,2.0032514807232586
794,1.0,40031.47841124397,40045.423529225016,7.309303909668848,2.0032514807232586
795,1.0,40045.423529225016,40059.368648044845,7.309304349317421,2.0032514807232586
796,1.0,40059.368648044845,40073.313767732296,7.309304804073244,2.0032514807232586
797,1.0,40073.313767732296,40087.25888831617,7.309305273936497,2.0032514807232586
798,1.0,40087.25888831617,40101.20400982532,7.309305758909903,2.0032514807232586
799,1.0,40101.20400982532,40115.14913228854,7.309306258990377,2.0032514807232586
800,1.0,40115.14913228854,40129.09425573468,7.30930677418264,2.0032514807232586
801,1.0,40129.09425573468,40143.039380192546,7.309307304481061,2.0032514807232586
802,1.0,40143.039380192546,40156.98450569097,7.309307849889275,2.0032514807232586
803,1.0,40156.98450569097,40170.92963225878,7.309308410405099,2.0032514807232586
804,1.0,40170.92963225878,40184.87475962269,7.309308827670836,2.0032514807232586
805,1.0,40184.87475962269,40198.819887493795,7.3093090935203096,2.0032514807232586
806,1.0,40198.819887493795,40212.765015870165,7.309309358358978,2.0032514807232586
807,1.0,40212.765015870165,40226.71014474989,7.309309622185751,2.0032514807232586
808,1.0,40226.71014474989,40240.65527413103,7.309309885003897,2.0032514807232586
809,1.0,40240.65527413103,40254.600404011675,7.309310146809965,2.0032514807232586
810,1.0,40254.600404011675,40268.54553438985,7.309310407605953,2.0032514807232586
811,1.0,40268.54553438985,40282.490665263686,7.309310667392225,2.0032514807232586
812,1.0,40282.490665263686,40296.43579663122,7.309310926166965,2.0032514807232586
813,1.0,40296.43579663122,40310.38092849054,7.309311183931625,2.0032514807232586
814,1.0,40310.38092849054,40324.32606083969,7.309311440683843,2.0032514807232586
815,1.0,40324.32606083969,40338.27119367678,7.3093116964294325,2.0032514807232586
816,1.0,40338.27119367678,40352.21632699986,7.309311951162036,2.0032514807232586
817,1.0,40352.21632699986,40366.16146080701,7.309312204884561,2.0032514807232586
818,1.0,40366.16146080701,40380.10659509628,7.309312457595372,2.0032514807232586
819,1.0,40380.10659509628,40394.05172986578,7.309312709297373,2.0032514807232586
820,1.0,40394.05172986578,40407.99686511356,7.309312959988206,2.0032514807232586
821,1.0,40407.99686511356,40421.94200083769,7.30931320966696,2.0032514807232586
822,1.0,40421.94200083769,40435.88713703625,7.309313458338178,2.0032514807232586
823,1.0,40435.88713703625,40449.83227370731,7.309313705997862,2.0032514807232586
824,1.0,40449.83227370731,40463.77741084894,7.30931395264547,2.0032514807232586
825,1.0,40463.77741084894,40477.7225484592,7.309314198283542,2.0032514807232586
826,1.0,40477.7225484592,40491.66768653619,7.309314442912625,2.0032514807232586
827,1.0,40491.66768653619,40505.612825077966,7.3093146865274505,2.0032514807232586
828,1.0,40505.612825077966,40519.55796408259,7.309314929133831,2.0032514807232586
829,1.0,40519.55796408259,40533.50310354815,7.309315170730858,2.0032514807232586
830,1.0,40533.50310354815,40547.44824347271,7.30931541131726,2.0032514807232586
831,1.0,40547.44824347271,40561.39338385436,7.309315650890132,2.0032514807232586
832,1.0,40561.39338385436,40575.33852469114,7.309315889456013,2.0032514807232586
833,1.0,40575.33852469114,40589.283665981144,7.309316127009814,2.0032514807232586
834,1.0,40589.283665981144,40603.22880772244,7.309316363551357,2.0032514807232586
835,1.0,40603.22880772244,40617.17394991311,7.309316599085908,2.0032514807232586
836,1.0,40617.17394991311,40631.11909255119,7.3093168336083805,2.0032514807232586
837,1.0,40631.11909255119,40645.0642356348,7.309317067118777,2.0032514807232586
838,1.0,40645.0642356348,40659.00937916199,7.309317299620183,2.0032514807232586
839,1.0,40659.00937916199,40672.95452313081,7.309317531111509,2.0032514807232586
840,1.0,40672.95452313081,40686.899667539365,7.309317761591302,2.0032514807232586
841,1.0,40686.899667539365,40700.844812385716,7.309317991059926,2.0032514807232586
842,1.0,40700.844812385716,40714.78995766794,7.309318219519559,2.0032514807232586
843,1.0,40714.78995766794,40728.735103384104,7.3093184469691135,2.0032514807232586
844,1.0,40728.735103384104,40742.68024953227,7.309318673405863,2.0032514807232586
845,1.0,40742.68024953227,40756.625396110525,7.309318898833624,2.0032514807232586
846,1.0,40756.625396110525,40770.57054311693,7.309319123250576,2.0032514807232586
847,1.0,40770.57054311693,40784.515690549575,7.309319346656362,2.0032514807232586
848,1.0,40784.515690549575,40798.46083840651,7.309319569053155,2.0032514807232586
849,1.0,40798.46083840651,40812.40598668583,7.309319790436964,2.0032514807232586
850,1.0,40812.40598668583,40826.35113538557,7.309320010812873,2.0032514807232586
851,1.0,40826.35113538557,40840.296284503835,7.309320230177248,2.0032514807232586
852,1.0,40840.296284503835,40854.2414340387,7.309320448531544,2.0032514807232586
853,1.0,40854.2414340387,40868.186583988216,7.3093206658732175,2.0032514807232586
854,1.0,40868.186583988216,40882.13173435047,7.30932088220572,2.0032514807232586
855,1.0,40882.13173435047,40896.07688512351,7.30932109752796,2.0032514807232586
856,1.0,40896.07688512351,40910.02203630545,7.309321311839939,2.0032514807232586
857,1.0,40910.02203630545,40923.96718789432,7.309321525141475,2.0032514807232586
858,1.0,40923.96718789432,40937.912339888215,7.309321737430934,2.0032514807232586
859,1.0,40937.912339888215,40951.85749228521,7.30932194871231,2.0032514807232586
860,1.0,40951.85749228521,40965.802645083364,7.30932215898052,2.0032514807232586
861,1.0,40965.802645083364,40979.747798280754,7.309322368239194,2.0032514807232586
862,1.0,40979.747798280754,40993.692951875455,7.3093225764872445,2.0032514807232586
863,1.0,40993.692951875455,41007.63810586553,7.309322783725941,2.0032514807232586
864,1.0,41007.63810586553,41021.583260249055,7.30932298995365,2.0032514807232586
865,1.0,41021.583260249055,41035.52841502412,7.309323195169643,2.0032514807232586
866,1.0,41035.52841502412,41049.47357018877,7.309323399376104,2.0032514807232586
867,1.0,41049.47357018877,41063.41872574108,7.309323602570304,2.0032514807232586
868,1.0,41063.41872574108,41077.36388167915,7.30932380475733,2.0032514807232586
869,1.0,41077.36388167915,41091.30903800103,7.309324005931371,2.0032514807232586
870,1.0,41091.30903800103,41105.25419470479,7.309324206095877,2.0032514807232586
871,1.0,41105.25419470479,41119.199351788506,7.309324405249758,2.0032514807232586
872,1.0,41119.199351788506,41133.14450925024,7.3093246033915635,2.0032514807232586
873,1.0,41133.14450925024,41147.08966708809,7.309324800524378,2.0032514807232586
874,1.0,41147.08966708809,41161.034825300114,7.309324996645658,2.0032514807232586
875,1.0,41161.034825300114,41174.97998388437,7.3093251917579485,2.0032514807232586
876,1.0,41174.97998388437,41188.925142838954,7.309325385859252,2.0032514807232586
877,1.0,41188.925142838954,41202.87030216192,7.30932557894866,2.0032514807232586
878,1.0,41202.87030216192,41216.81546185136,7.309325771029622,2.0032514807232586
879,1.0,41216.81546185136,41230.76062190532,7.309325962097599,2.0032514807232586
880,1.0,41230.76062190532,41244.705782321886,7.309326152156949,2.0032514807232586
881,1.0,41244.705782321886,41258.650943099135,7.309326341204221,2.0032514807232586
882,1.0,41258.650943099135,41272.596104235134,7.3093265292423215,2.0032514807232586
883,1.0,41272.596104235134,41286.541265727945,7.309326716269616,2.0032514807232586
884,1.0,41286.541265727945,41300.48642757566,7.309326902286649,2.0032514807232586
885,1.0,41300.48642757566,41314.43158977634,7.3093270872926945,2.0032514807232586
886,1.0,41314.43158977634,41328.37675232805,7.309327271288115,2.0032514807232586
887,1.0,41328.37675232805,41342.321915228866,7.309327454272729,2.0032514807232586
888,1.0,41342.321915228866,41356.26707847688,7.309327636246901,2.0032514807232586
889,1.0,41356.26707847688,41370.212242070134,7.309327817211174,2.0032514807232586
890,1.0,41370.212242070134,41384.157406006714,7.309327997165186,2.0032514807232586
891,1.0,41384.157406006714,41398.1025702847,7.309328176106939,2.0032514807232586
892,1.0,41398.1025702847,41412.047734902146,7.309328354040972,2.0032514807232586
893,1.0,41412.047734902146,41425.992899857134,7.309328530960931,2.0032514807232586
894,1.0,41425.992899857134,41439.93806514774,7.3093287068718995,2.0032514807232586
895,1.0,41439.93806514774,41453.88323077202,7.309328881773879,2.0032514807232586
896,1.0,41453.88323077202,41467.82839672808,7.309329055664506,2.0032514807232586
897,1.0,41467.82839672808,41481.77356301396,7.309329228542875,2.0032514807232586
898,1.0,41481.77356301396,41495.71872962773,7.309329400413161,2.0032514807232586
899,1.0,41495.71872962773,41509.663896567494,7.309329571270825,2.0032514807232586
900,1.0,41509.663896567494,41523.60906383129,7.3093297411187725,2.0032514807232586
901,1.0,41523.60906383129,41537.55423141721,7.309329909956822,2.0032514807232586
902,1.0,41537.55423141721,41551.49939932332,7.309330077782794,2.0032514807232586
903,1.0,41551.49939932332,41565.4445675477,7.3093302446003205,2.0032514807232586
904,1.0,41565.4445675477,41579.3897360884,7.3093304104066785,2.0032514807232586
905,1.0,41579.3897360884,41593.33490494351,7.309330575201321,2.0032514807232586
906,1.0,41593.33490494351,41607.280074111106,7.309330738986793,2.0032514807232586
907,1.0,41607.280074111106,41621.225243589244,7.30933090175946,2.0032514807232586
908,1.0,41621.225243589244,41635.17041337601,7.30933106352459,2.0032514807232586
909,1.0,41635.17041337601,41649.115583469465,7.309331224277824,2.0032514807232586
910,1.0,41649.115583469465,41663.060753867685,7.30933138402007,2.0032514807232586
911,1.0,41663.060753867685,41677.00592456876,7.309331542752238,2.0032514807232586
912,1.0,41677.00592456876,41690.95109557073,7.309331700473961,2.0032514807232586
913,1.0,41690.95109557073,41704.89626687168,7.309331857186514,2.0032514807232586
914,1.0,41704.89626687168,41718.84143846969,7.309332012883537,2.0032514807232586
915,1.0,41718.84143846969,41732.78661036283,7.309332167576474,2.0032514807232586
916,1.0,41732.78661036283,41746.73178254916,7.309332321255701,2.0032514807232586
917,1.0,41746.73178254916,41760.67695502678,7.309332473923756,2.0032514807232586
918,1.0,41760.67695502678,41774.62212779373,7.309332625583549,2.0032514807232586
919,1.0,41774.62212779373,41788.567300848095,7.309332776230354,2.0032514807232586
920,1.0,41788.567300848095,41802.51247418794,7.309332925866901,2.0032514807232586
921,1.0,41802.51247418794,41816.45764781135,7.309333074495363,2.0032514807232586
922,1.0,41816.45764781135,41830.402821716394,7.3093332221110225,2.0032514807232586
923,1.0,41830.402821716394,41844.347995901146,7.309333368716966,2.0032514807232586
924,1.0,41844.347995901146,41858.29317036366,7.309333514311922,2.0032514807232586
925,1.0,41858.29317036366,41872.23834510203,7.3093336588969775,2.0032514807232586
926,1.0,41872.23834510203,41886.18352011432,7.309333802471047,2.0032514807232586
927,1.0,41886.18352011432,41900.128695398584,7.309333945033765,2.0032514807232586
928,1.0,41900.128695398584,41914.073870952925,7.309334086587857,2.0032514807232586
929,1.0,41914.073870952925,41928.0190467754,7.30933422713096,2.0032514807232586
930,1.0,41928.0190467754,41941.964222864095,7.309334366661623,2.0032514807232586
931,1.0,41941.964222864095,41955.90939921705,7.309334505183839,2.0032514807232586
932,1.0,41955.90939921705,41969.85457583236,7.3093346426950685,2.0032514807232586
933,1.0,41969.85457583236,41983.799752708095,7.309334779194765,2.0032514807232586
934,1.0,41983.799752708095,41997.74492984233,7.30933491468402,2.0032514807232586
935,1.0,41997.74492984233,42011.69010723314,7.309335049164284,2.0032514807232586
936,1.0,42011.69010723314,42025.635284878575,7.309335182634105,2.0032514807232586
937,1.0,42025.635284878575,42039.58046277672,7.309335315091485,2.0032514807232586
938,1.0,42039.58046277672,42053.52564092567,7.309335446539512,2.0032514807232586
939,1.0,42053.52564092567,42067.470819323455,7.309335576976551,2.0032514807232586
940,1.0,42067.470819323455,42081.41599796817,7.30933570640224,2.0032514807232586
941,1.0,42081.41599796817,42095.3611768579,7.309335834820026,2.0032514807232586
942,1.0,42095.3611768579,42109.30635599069,7.309335962224102,2.0032514807232586
943,1.0,42109.30635599069,42123.25153536462,7.309336088620277,2.0032514807232586
944,1.0,42123.25153536462,42137.19671497777,7.309336214004193,2.0032514807232586
945,1.0,42137.19671497777,42151.141894828215,7.309336338379483,2.0032514807232586
946,1.0,42151.141894828215,42165.087074914016,7.3093364617408785,2.0032514807232586
947,1.0,42165.087074914016,42179.032255233236,7.3093365840952815,2.0032514807232586
948,1.0,42179.032255233236,42192.977435783985,7.309336705436699,2.0032514807232586
949,1.0,42192.977435783985,42206.92261656429,7.309336825770035,2.0032514807232586
950,1.0,42206.92261656429,42220.86779757225,7.309336945090567,2.0032514807232586
951,1.0,42220.86779757225,42234.81297880593,7.309337063402834,2.0032514807232586
952,1.0,42234.81297880593,42248.75816026341,7.309337180701028,2.0032514807232586
953,1.0,42248.75816026341,42262.70334194274,7.309337296991865,2.0032514807232586
954,1.0,42262.70334194274,42276.64852384201,7.30933741226899,2.0032514807232586
955,1.0,42276.64852384201,42290.5937059593,7.309337526539668,2.0032514807232586
956,1.0,42290.5937059593,42304.538888292656,7.309337639797723,2.0032514807232586
957,1.0,42304.538888292656,42318.48407084018,7.309337752045699,2.0032514807232586
958,1.0,42318.48407084018,42332.42925359992,7.309337863281779,2.0032514807232586
959,1.0,42332.42925359992,42346.374436569946,7.309337973508686,2.0032514807232586
960,1.0,42346.374436569946,42360.319619748356,7.309338082724244,2.0032514807232586
961,1.0,42360.319619748356,42374.26480313319,7.309338190930266,2.0032514807232586
962,1.0,42374.26480313319,42388.20998672256,7.3093382981253,2.0032514807232586
963,1.0,42388.20998672256,42402.1551705145,7.30933840430971,2.0032514807232586
964,1.0,42402.1551705145,42416.1003545071,7.3093385094831325,2.0032514807232586
965,1.0,42416.1003545071,42430.04553869843,7.309338613647382,2.0032514807232586
966,1.0,42430.04553869843,42443.99072308656,7.309338716799555,2.0032514807232586
967,1.0,42443.99072308656,42457.93590766956,7.309338818941467,2.0032514807232586
968,1.0,42457.93590766956,42471.88109244551,7.309338920073298,2.0032514807232586
969,1.0,42471.88109244551,42485.82627741249,7.309339020195232,2.0032514807232586
970,1.0,42485.82627741249,42499.77146256853,7.309339119304906,2.0032514807232586
971,1.0,42499.77146256853,42513.716647911744,7.309339217405409,2.0032514807232586
972,1.0,42513.716647911744,42527.6618334402,7.3093393144956496,2.0032514807232586
973,1.0,42527.6618334402,42541.607019151954,7.309339410574177,2.0032514807232586
974,1.0,42541.607019151954,42555.55220504509,7.309339505642079,2.0032514807232586
975,1.0,42555.55220504509,42569.497391117664,7.3093395997008095,2.0032514807232586
976,1.0,42569.497391117664,42583.442577367765,7.309339692748371,2.0032514807232586
977,1.0,42583.442577367765,42597.38776379345,7.309339784784763,2.0032514807232586
978,1.0,42597.38776379345,42611.33295039282,7.309339875811801,2.0032514807232586
979,1.0,42611.33295039282,42625.27813716392,7.309339965828215,2.0032514807232586
980,1.0,42625.27813716392,42639.22332410483,7.309340054831099,2.0032514807232586
981,1.0,42639.22332410483,42653.168511213604,7.309340142828443,2.0032514807232586
982,1.0,42653.168511213604,42667.11369848836,7.309340229811531,2.0032514807232586
983,1.0,42667.11369848836,42681.05888592712,7.309340315785446,2.0032514807232586
984,1.0,42681.05888592712,42695.004073528,7.309340400748374,2.0032514807232586
985,1.0,42695.004073528,42708.94926128903,7.309340484702856,2.0032514807232586
986,1.0,42708.94926128903,42722.89444920831,7.309340567642356,2.0032514807232586
987,1.0,42722.89444920831,42736.8396372839,7.309340649574681,2.0032514807232586
988,1.0,42736.8396372839,42750.784825513874,7.3093407304962,2.0032514807232586
989,1.0,42750.784825513874,42764.73001389631,7.309340810406732,2.0032514807232586
990,1.0,42764.73001389631,42778.67520242928,7.309340889306457,2.0032514807232586
991,1.0,42778.67520242928,42792.620391110846,7.309340967196102,2.0032514807232586
992,1.0,42792.620391110846,42806.56557993909,7.309341044075122,2.0032514807232586
993,1.0,42806.56557993909,42820.510768912085,7.309341119943156,2.0032514807232586
994,1.0,42820.510768912085,42834.455958027895,7.309341194800745,2.0032514807232586
995,1.0,42834.455958027895,42848.40114728459,7.309341268649345,2.0032514807232586
996,1.0,42848.40114728459,42862.346336680246,7.309341341484959,2.0032514807232586
997,1.0,42862.346336680246,42876.29152621293,7.309341413311221,2.0032514807232586
998,1.0,42876.29152621293,42890.23671588074,7.30934148412831,2.0032514807232586
999,1.0,42890.23671588074,42904.18190568172,7.3093415539322315,2.0032514807232586
1000,1.0,42904.18190568172,42918.12709561394,7.309341622726255,2.0032514807232586
1001,1.0,42918.12709561394,42932.0722856755,7.309341690511289,2.0032514807232586
1002,1.0,42932.0722856755,42946.01747586444,7.309341757284246,2.0032514807232586
1003,1.0,42946.01747586444,42959.96266617885,7.309341823048575,2.0032514807232586
1004,1.0,42959.96266617885,42973.907856616795,7.30934188779992,2.0032514807232586
1005,1.0,42973.907856616795,42987.853047176366,7.3093419515426366,2.0032514807232586
1006,1.0,42987.853047176366,43001.79823785561,7.309342014274002,2.0032514807232586
1007,1.0,43001.79823785561,43015.743428652604,7.309342075994562,2.0032514807232586
1008,1.0,43015.743428652604,43029.68861956544,7.309342136704861,2.0032514807232586
1009,1.0,43029.68861956544,43043.63381059216,7.30934219640508,2.0032514807232586
1010,1.0,43043.63381059216,43057.57900173085,7.309342255094129,2.0032514807232586
1011,1.0,43057.57900173085,43071.524192979596,7.30934231277219,2.0032514807232586
1012,1.0,43071.524192979596,43085.46938433646,7.309342369441625,2.0032514807232586
1013,1.0,43085.46938433646,43099.414575799485,7.309342425098982,2.0032514807232586
1014,1.0,43099.414575799485,43113.35976736679,7.30934247974517,2.0032514807232586
1015,1.0,43113.35976736679,43127.30495903642,7.309342533384001,2.0032514807232586
1016,1.0,43127.30495903642,43141.25015080646,7.3093425860082135,2.0032514807232586
1017,1.0,43141.25015080646,43155.19534267496,7.30934263762398,2.0032514807232586
1018,1.0,43155.19534267496,43169.14053464001,7.3093426882291235,2.0032514807232586
1019,1.0,43169.14053464001,43183.085726699705,7.309342737824366,2.0032514807232586
1020,1.0,43183.085726699705,43197.03091885206,7.309342786407534,2.0032514807232586
1021,1.0,43197.03091885206,43210.97611109519,7.309342833981165,2.0032514807232586
1022,1.0,43210.97611109519,43224.92130342716,7.3093428805450795,2.0032514807232586
1023,1.0,43224.92130342716,43238.86649584603,7.309342926095828,2.0032514807232586
1024,1.0,43238.86649584603,43252.81168834988,7.309342970638857,2.0032514807232586
1025,1.0,43252.81168834988,43266.75688093678,7.309343014169264,2.0032514807232586
1026,1.0,43266.75688093678,43280.702073604814,7.309343056690136,2.0032514807232586
1027,1.0,43280.702073604814,43294.64726635205,7.309343098202018,2.0032514807232586
1028,1.0,43294.64726635205,43308.59245917652,7.309343138699643,2.0032514807232586
1029,1.0,43308.59245917652,43322.537652076375,7.309343178189912,2.0032514807232586
1030,1.0,43322.537652076375,43336.4828450496,7.30934321666756,2.0032514807232586
1031,1.0,43336.4828450496,43350.428038094324,7.309343254134581,2.0032514807232586
1032,1.0,43350.428038094324,43364.373231208614,7.3093432905958835,2.0032514807232586
1033,1.0,43364.373231208614,43378.31842439053,7.3093433260396585,2.0032514807232586
1034,1.0,43378.31842439053,43392.263617638135,7.309343360477895,2.0032514807232586
1035,1.0,43392.263617638135,43406.20881094951,7.3093433939027825,2.0032514807232586
1036,1.0,43406.20881094951,43420.15400432275,7.309343426319406,2.0032514807232586
1037,1.0,43420.15400432275,43434.09919775588,7.309343457723589,2.0032514807232586
1038,1.0,43434.09919775588,43448.044391247015,7.309343488116602,2.0032514807232586
1039,1.0,43448.044391247015,43461.98958479421,7.309343517502442,2.0032514807232586
1040,1.0,43461.98958479421,43475.93477839553,7.309343545874933,2.0032514807232586
1041,1.0,43475.93477839553,43489.87997204906,7.309343573238796,2.0032514807232586
1042,1.0,43489.87997204906,43503.82516575285,7.3093435995891305,2.0032514807232586
1043,1.0,43503.82516575285,43517.77035950501,7.309343624931019,2.0032514807232586
1044,1.0,43517.77035950501,43531.715553303584,7.309343649264099,2.0032514807232586
1045,1.0,43531.715553303584,43545.66074714664,7.3093436725821945,2.0032514807232586
1046,1.0,43545.66074714664,43559.60594103228,7.309343694894388,2.0032514807232586
1047,1.0,43559.60594103228,43573.55113495855,7.309343716193053,2.0032514807232586
1048,1.0,43573.55113495855,43587.496328923524,7.309343736482908,2.0032514807232586
1049,1.0,43587.496328923524,43601.44152292528,7.309343755759413,2.0032514807232586
1050,1.0,43601.44152292528,43615.38671696188,7.309343774028201,2.0032514807232586
1051,1.0,43615.38671696188,43629.33191103141,7.309343791286364,2.0032514807232586
1052,1.0,43629.33191103141,43643.27710513194,7.309343807532086,2.0032514807232586
1053,1.0,43643.27710513194,43657.22229926154,7.309343822769182,2.0032514807232586
1054,1.0,43657.22229926154,43671.167493418274,7.309343836995107,2.0032514807232586
1055,1.0,43671.167493418274,43685.11268760023,7.309343850211679,2.0032514807232586
1056,1.0,43685.11268760023,43699.057881805464,7.309343862414358,2.0032514807232586
1057,1.0,43699.057881805464,43713.00307603206,7.30934387360841,2.0032514807232586
1058,1.0,43713.00307603206,43726.94827027809,7.309343883793836,2.0032514807232586
1059,1.0,43726.94827027809,43740.89346454161,7.309343892965368,2.0032514807232586
1060,1.0,43740.89346454161,43754.83865882071,7.309343901129362,2.0032514807232586
1061,1.0,43754.83865882071,43768.78385311344,7.309343908280189,2.0032514807232586
1062,1.0,43768.78385311344,43782.7290474179,7.309343914423297,2.0032514807232586
1063,1.0,43782.7290474179,43796.67424173215,7.309343919551422,2.0032514807232586
1064,1.0,43796.67424173215,43810.61943605426,7.309343923673463,2.0032514807232586
1065,1.0,43810.61943605426,43824.564630382294,7.309343926784697,2.0032514807232586
1066,1.0,43824.564630382294,43838.509824714354,7.309343928882948,2.0032514807232586
1067,1.0,43838.509824714354,43852.45501904848,7.309343929972388,2.0032514807232586
1068,1.0,43852.45501904848,43866.40021338276,7.309343930049569,2.0032514807232586
1069,1.0,43866.40021338276,43880.34540771525,7.309343929119213,2.0032514807232586
1070,1.0,43880.34540771525,43894.29060204403,7.309343927173693,2.0032514807232586
1071,1.0,43894.29060204403,43908.2357963672,7.309343924221725,2.0032514807232586
1072,1.0,43908.2357963672,43922.180990682784,7.309343920259314,2.0032514807232586
1073,1.0,43922.180990682784,43936.1261849889,7.309343915283009,2.0032514807232586
1074,1.0,43936.1261849889,43950.071379283574,7.309343909300075,2.0032514807232586
1075,1.0,43950.071379283574,43964.016573564906,7.3093439023023405,2.0032514807232586
1076,1.0,43964.016573564906,43977.96176783097,7.309343894298339,2.0032514807232586
1077,1.0,43977.96176783097,43991.90696207984,7.309343885281534,2.0032514807232586
1078,1.0,43991.90696207984,44005.852156309564,7.309343875252832,2.0032514807232586
1079,1.0,44005.852156309564,44019.797350518245,7.30934386421732,2.0032514807232586
1080,1.0,44019.797350518245,44033.74254470393,7.309343852168823,2.0032514807232586
1081,1.0,44033.74254470393,44047.68773886471,7.309343839110245,2.0032514807232586
1082,1.0,44047.68773886471,44061.63293299864,7.309343825040498,2.0032514807232586
1083,1.0,44061.63293299864,44075.5781271038,7.309343809960309,2.0032514807232586
1084,1.0,44075.5781271038,44089.52332117826,7.309343793871311,2.0032514807232586
1085,1.0,44089.52332117826,44103.4685152201,7.309343776770053,2.0032514807232586
1086,1.0,44103.4685152201,44117.41370922738,7.3093437586601695,2.0032514807232586
1087,1.0,44117.41370922738,44131.35890319819,7.309343739536755,2.0032514807232586
1088,1.0,44131.35890319819,44145.30409713058,7.309343719404714,2.0032514807232586
1089,1.0,44145.30409713058,44159.24929102264,7.309343698262047,2.0032514807232586
1090,1.0,44159.24929102264,44173.19448487242,7.309343676106578,2.0032514807232586
1091,1.0,44173.19448487242,44187.139678678024,7.309343652945568,2.0032514807232586
1092,1.0,44187.139678678024,44201.084872437496,7.309343628769757,2.0032514807232586
1093,1.0,44201.084872437496,44215.030066148924,7.309343603585864,2.0032514807232586
1094,1.0,44215.030066148924,44228.975259810366,7.309343577387715,2.0032514807232586
1095,1.0,44228.975259810366,44242.920453419916,7.309343550185297,2.0032514807232586
1096,1.0,44242.920453419916,44256.865646975624,7.309343521966079,2.0032514807232586
1097,1.0,44256.865646975624,44270.81084047557,7.309343492739143,2.0032514807232586
1098,1.0,44270.81084047557,44284.75603391783,7.30934346250249,2.0032514807232586
1099,1.0,44284.75603391783,44298.701227300466,7.309343431252851,2.0032514807232586
1100,1.0,44298.701227300466,44312.64642062156,7.309343398995858,2.0032514807232586
1101,1.0,44312.64642062156,44326.59161387918,7.309343365724607,2.0032514807232586
1102,1.0,44326.59161387918,44340.53680707142,7.309343331446728,2.0032514807232586
1103,1.0,44340.53680707142,44354.4820001963,7.3093432961554985,2.0032514807232586
1104,1.0,44354.4820001963,44368.42719325195,7.309343259853463,2.0032514807232586
1105,1.0,44368.42719325195,44382.372386236384,7.309343222544437,2.0032514807232586
1106,1.0,44382.372386236384,44396.31757914774,7.3093431842202445,2.0032514807232586
1107,1.0,44396.31757914774,44410.26277198404,7.309343144889423,2.0032514807232586
1108,1.0,44410.26277198404,44424.20796474336,7.309343104545071,2.0032514807232586
1109,1.0,44424.20796474336,44438.153157423796,7.3093430631935465,2.0032514807232586
1110,1.0,44438.153157423796,44452.0983500234,7.309343020825947,2.0032514807232586
1111,1.0,44452.0983500234,44466.04354254026,7.309342977453718,2.0032514807232586
1112,1.0,44466.04354254026,44479.98873497244,7.309342933069047,2.0032514807232586
1113,1.0,44479.98873497244,44493.933927318,7.309342887671573,2.0032514807232586
1114,1.0,44493.933927318,44507.87911957503,7.309342841266197,2.0032514807232586
1115,1.0,44507.87911957503,44521.82431174159,7.309342793850016,2.0032514807232586
1116,1.0,44521.82431174159,44535.76950381576,7.309342745422303,2.0032514807232586
1117,1.0,44535.76950381576,44549.714695795614,7.309342695985054,2.0032514807232586
1118,1.0,44549.714695795614,44563.65988767922,7.309342645534819,2.0032514807232586
1119,1.0,44563.65988767922,44577.60507946464,7.309342594078137,2.0032514807232586
1120,1.0,44577.60507946464,44591.550271149965,7.30934254160738,2.0032514807232586
1121,1.0,44591.550271149965,44605.49546273326,7.309342488128541,2.0032514807232586
1122,1.0,44605.49546273326,44619.44065421259,7.309342433636717,2.0032514807232586
1123,1.0,44619.44065421259,44633.38584558603,7.30934237813463,2.0032514807232586
1124,1.0,44633.38584558603,44647.33103685166,7.309342321626096,2.0032514807232586
1125,1.0,44647.33103685166,44661.27622800754,7.309342264101309,2.0032514807232586
1126,1.0,44661.27622800754,44675.22141905175,7.309342205571889,2.0032514807232586
1127,1.0,44675.22141905175,44689.16660998236,7.309342146025125,2.0032514807232586
1128,1.0,44689.16660998236,44703.111800797444,7.309342085473367,2.0032514807232586
1129,1.0,44703.111800797444,44717.05699149507,7.309342023909349,2.0032514807232586
1130,1.0,44717.05699149507,44731.00218207331,7.309341961332166,2.0032514807232586
1131,1.0,44731.00218207331,44744.94737253024,7.309341897749986,2.0032514807232586
1132,1.0,44744.94737253024,44758.89256286394,7.309341833152461,2.0032514807232586
1133,1.0,44758.89256286394,44772.83775307246,7.309341767546489,2.0032514807232586
1134,1.0,44772.83775307246,44786.78294315389,7.309341700930075,2.0032514807232586
1135,1.0,44786.78294315389,44800.72813310629,7.309341633303219,2.0032514807232586
1136,1.0,44800.72813310629,44814.673322927745,7.309341564662649,2.0032514807232586
1137,1.0,44814.673322927745,44828.61851261632,7.309341495014725,2.0032514807232586
1138,1.0,44828.61851261632,44842.56370217008,7.309341424357992,2.0032514807232586
1139,1.0,44842.56370217008,44856.50889158712,7.30934135268573,2.0032514807232586
1140,1.0,44856.50889158712,44870.454080865486,7.309341280008657,2.0032514807232586
1141,1.0,44870.454080865486,44884.399270003254,7.30934120631442,2.0032514807232586
1142,1.0,44884.399270003254,44898.344458998516,7.3093411316159145,2.0032514807232586
1143,1.0,44898.344458998516,44912.28964784933,7.3093410559035155,2.0032514807232586
1144,1.0,44912.28964784933,44926.23483655375,7.309340979179585,2.0032514807232586
1145,1.0,44926.23483655375,44940.18002510989,7.309340901449569,2.0032514807232586
1146,1.0,44940.18002510989,44954.12521351578,7.309340822704571,2.0032514807232586
1147,1.0,44954.12521351578,44968.07040176953,7.3093407429518535,2.0032514807232586
1148,1.0,44968.07040176953,44982.01558986918,7.309340662185606,2.0032514807232586
1149,1.0,44982.01558986918,44995.96077781281,7.309340580412728,2.0032514807232586
1150,1.0,44995.96077781281,45009.90596559852,7.309340497625957,2.0032514807232586
1151,1.0,45009.90596559852,45023.85115322434,7.309340413829652,2.0032514807232586
1152,1.0,45023.85115322434,45037.796340688365,7.309340329024356,2.0032514807232586
1153,1.0,45037.796340688365,45051.74152798866,7.309340243206438,2.0032514807232586
1154,1.0,45051.74152798866,45065.68671512331,7.309340156379167,2.0032514807232586
1155,1.0,45065.68671512331,45079.631902090376,7.309340068541633,2.0032514807232586
1156,1.0,45079.631902090376,45093.57708888792,7.309339979690753,2.0032514807232586
1157,1.0,45093.57708888792,45107.52227551403,7.309339889834513,2.0032514807232586
1158,1.0,45107.52227551403,45121.46746196678,7.309339798962927,2.0032514807232586
1159,1.0,45121.46746196678,45135.41264824422,7.309339707084712,2.0032514807232586
1160,1.0,45135.41264824422,45149.35783434445,7.309339614190243,2.0032514807232586
1161,1.0,45149.35783434445,45163.30302026554,7.309339520292413,2.0032514807232586
1162,1.0,45163.30302026554,45177.24820600553,7.309339425378874,2.0032514807232586
1163,1.0,45177.24820600553,45191.19339156253,7.309339329456162,2.0032514807232586
1164,1.0,45191.19339156253,45205.138576934594,7.309339232524825,2.0032514807232586
1165,1.0,45205.138576934594,45219.083762119786,7.309339134579411,2.0032514807232586
1166,1.0,45219.083762119786,45233.028947116196,7.309339035627551,2.0032514807232586
1167,1.0,45233.028947116196,45246.97413192188,7.309338935661071,2.0032514807232586
1168,1.0,45246.97413192188,45260.91931653492,7.30933883468796,2.0032514807232586
1169,1.0,45260.91931653492,45274.86450095339,7.309338732699504,2.0032514807232586
1170,1.0,45274.86450095339,45288.80968517535,7.309338629704781,2.0032514807232586
1171,1.0,45288.80968517535,45302.75486919889,7.309338525699979,2.0032514807232586
1172,1.0,45302.75486919889,45316.70005302206,7.309338420680194,2.0032514807232586
1173,1.0,45316.70005302206,45330.64523664297,7.309338314654506,2.0032514807232586
1174,1.0,45330.64523664297,45344.59042005964,7.309338207614925,2.0032514807232586
1175,1.0,45344.59042005964,45358.53560327018,7.309338099567805,2.0032514807232586
1176,1.0,45358.53560327018,45372.48078627264,7.309337990504977,2.0032514807232586
1177,1.0,45372.48078627264,45386.42596906511,7.309337880437336,2.0032514807232586
1178,1.0,45386.42596906511,45400.37115164565,7.309337769357254,2.0032514807232586
1179,1.0,45400.37115164565,45414.31633401234,7.309337657265638,2.0032514807232586
1180,1.0,45414.31633401234,45428.26151616326,7.309337544165033,2.0032514807232586
1181,1.0,45428.26151616326,45442.20669809645,7.309337430051261,2.0032514807232586
1182,1.0,45442.20669809645,45456.151879810015,7.309337314931223,2.0032514807232586
1183,1.0,45456.151879810015,45470.09706130201,7.309337198795475,2.0032514807232586
1184,1.0,45470.09706130201,45484.04224257051,7.3093370816527345,2.0032514807232586
1185,1.0,45484.04224257051,45497.98742361359,7.309336963500641,2.0032514807232586
1186,1.0,45497.98742361359,45511.93260442932,7.309336844332839,2.0032514807232586
1187,1.0,45511.93260442932,45525.87778501578,7.3093367241602225,2.0032514807232586
1188,1.0,45525.87778501578,45539.82296537102,7.30933660297226,2.0032514807232586
1189,1.0,45539.82296537102,45553.76814549315,7.309336480777849,2.0032514807232586
1190,1.0,45553.76814549315,45567.71332538019,7.309336357570454,2.0032514807232586
1191,1.0,45567.71332538019,45581.65850503026,7.309336233350799,2.0032514807232586
1192,1.0,45581.65850503026,45595.603684441405,7.3093361081268755,2.0032514807232586
1193,1.0,45595.603684441405,45609.54886361171,7.309335981885972,2.0032514807232586
1194,1.0,45609.54886361171,45623.49404253924,7.309335854638438,2.0032514807232586
1195,1.0,45623.49404253924,45637.43922122207,7.309335726377375,2.0032514807232586
1196,1.0,45637.43922122207,45651.384399658265,7.309335597107503,2.0032514807232586
1197,1.0,45651.384399658265,45665.329577845914,7.309335466828823,2.0032514807232586
1198,1.0,45665.329577845914,45679.27475578307,7.309335335535158,2.0032514807232586
1199,1.0,45679.27475578307,45693.219933467815,7.309335203236318,2.0032514807232586
1200,1.0,45693.219933467815,45707.1651107675,7.309335001401421,2.0032514807232586
1201,1.0,45707.1651107675,45721.110287508054,7.3093347083380875,2.0032514807232586
1202,1.0,45721.110287508054,45735.05546373787,7.309334440637526,2.0032514807232586
1203,1.0,45735.05546373787,45749.000639507816,7.309334199601473,2.0032514807232586
1204,1.0,45749.000639507816,45762.94581486879,7.309333985233197,2.0032514807232586
1205,1.0,45762.94581486879,45776.89098987165,7.309333797526524,2.0032514807232586
1206,1.0,45776.89098987165,45790.836164567256,7.309333636487808,2.0032514807232586
1207,1.0,45790.836164567256,45804.78133900649,7.309333502109243,2.0032514807232586
1208,1.0,45804.78133900649,45818.72651324024,7.30933339439918,2.0032514807232586
1209,1.0,45818.72651324024,45832.67168731935,7.3093333133525356,2.0032514807232586
1210,1.0,45832.67168731935,45846.61686129471,7.309333258969492,2.0032514807232586
1211,1.0,45846.61686129471,45860.562035217205,7.309333231255677,2.0032514807232586
1212,1.0,45860.562035217205,45874.50720913768,7.309333230201467,2.0032514807232586
1213,1.0,45874.50720913768,45888.452383107026,7.309333255815399,2.0032514807232586
1214,1.0,45888.452383107026,45902.39755717611,7.309333308091294,2.0032514807232586
1215,1.0,45902.39755717611,45916.3427313958,7.3093333870353305,2.0032514807232586
1216,1.0,45916.3427313958,45930.28790581698,7.309333492640788,2.0032514807232586
1217,1.0,45930.28790581698,45944.23308049051,7.309333624914567,2.0032514807232586
