time/s;current/A;battery voltage/V
93930.1484940201;-0;2.5353212
93930.1486940202;-0.17219496;2.5355585
93931.1486937817;-49.980871;2.5712559
93932.1486935433;-49.940148;2.5813799
93933.1486933049;-49.865484;2.5898497
93934.1486930665;-49.882457;2.5971169
93935.1486928281;-49.980871;2.6038327
93936.1486925896;-49.980871;2.6096966
93937.1486923512;-49.892637;2.6159613
93938.1486921128;-49.851914;2.6211736
93939.1486918744;-49.916391;2.6266866
93940.148691636;-49.967297;2.6314979
93941.1486913976;-49.794219;2.63661
93942.1486911591;-49.957113;2.6413209
93943.1486909207;-49.933363;2.645581
93944.1486906823;-49.92657;2.6500916
93945.1486904467;-50.00802;2.6542015
93946.148690212;-49.909605;2.6587121
93947.1486899773;-49.940148;2.6627717
93948.1486897426;-49.946934;2.6665807
93949.1486895079;-49.929969;2.6700888
93950.1486892732;-49.967297;2.6741986
93951.1486890385;-49.974082;2.6781578
93952.1486888038;-49.889242;2.6817162
93953.1486885691;-50.00802;2.6849239
93954.1486883344;-49.991051;2.6882818
93955.1486880997;-49.946934;2.6918402
93956.148687865;-49.987656;2.6951981
93957.1486876304;-49.872273;2.6979043
93958.1486873957;-49.90282;2.7017634
93959.148687161;-49.858703;2.7044699
93960.1486869263;-49.879063;2.7077274
93961.1486866916;-49.953723;2.7106845
93962.1486864569;-49.994449;2.7131402
93963.1486862222;-49.974082;2.7161474
93964.1486859875;-49.909605;2.7192547
93965.1486857528;-50.014809;2.7217104
93966.1486855181;-49.970691;2.7242665
93967.1486852834;-49.929969;2.7269228
93968.1486850487;-49.943543;2.7297294
93969.148684814;-49.93675;2.7321851
93970.1486845793;-50.041957;2.7347412
93971.1486843441;-49.875664;2.7373974
93972.1486841056;-49.970691;2.7397029
93973.1486838672;-50.004629;2.7419081
93974.1486836288;-50.011414;2.7445142
93975.1486833904;-49.953723;2.7465189
93976.148683152;-49.889242;2.7493255
93977.1486829136;-49.974082;2.7511799
93978.1486826751;-49.943543;2.7533851
93979.1486824367;-49.845125;2.7557406
93980.1486821983;-50.035172;2.7578456
93981.1486819599;-49.909605;2.7599506
93982.1486817215;-49.93675;2.7623062
93983.148681483;-50.028379;2.7639101
93984.1486812446;-49.98427;2.7662153
93985.1486810062;-49.889242;2.7682703
93986.1486807678;-49.950328;2.7703249
93987.1486805294;-50.00123;2.7722797
93988.1486802909;-50.028379;2.7742844
93989.1486800525;-49.980871;2.7761388
93990.1486798141;-49.953723;2.7781937
93991.1486795757;-49.855305;2.7802484
93992.1486793373;-49.99784;2.7819524
93993.1486790988;-50.00123;2.7837567
93994.1486788604;-49.963902;2.7854106
93995.148678622;-50.004629;2.7877162
93996.1486783836;-49.943543;2.7893198
93997.1486781452;-50.086078;2.791074
93998.14867791;-49.933363;2.7925775
93999.1486776753;-50.004629;2.7946324
94000.1486774406;-49.98427;2.7965369
94001.1486772059;-49.838336;2.7980905
94002.1486769712;-49.913;2.7999449
94003.1486767365;-49.93675;2.8013482
94004.1486765018;-50.041957;2.8031023
94005.1486762672;-50.004629;2.8050568
94006.1486760325;-49.845125;2.8062096
94007.1486757978;-49.967297;2.8083146
94008.1486755631;-49.933363;2.8096678
94009.1486753284;-49.991051;2.8116224
94010.1486750937;-49.889242;2.8132763
94011.148674859;-49.92657;2.8146796
94012.1486746243;-49.896031;2.8163836
94013.1486743896;-49.963902;2.8179374
94014.1486741549;-49.845125;2.819591
94015.1486739202;-50.011414;2.8209944
94016.1486736855;-49.862094;2.8225482
94017.1486734508;-49.913;2.8240516
94018.1486732161;-49.872273;2.8254049
94019.1486729814;-49.868883;2.8270087
94020.1486727468;-49.943543;2.8282115
94021.1486725121;-50.024992;2.8300157
94022.1486722774;-49.913;2.8316696
94023.1486720427;-49.977477;2.8328223
94024.1486718066;-50.00802;2.8342257
94025.1486715682;-49.916391;2.8358796
94026.1486713297;-49.807793;2.8372328
94027.1486710913;-49.896031;2.8387363
94028.1486708529;-50.028379;2.8399391
94029.1486706145;-49.946934;2.8417435
94030.1486703761;-49.93675;2.8427458
94031.1486701377;-49.929969;2.8444998
94032.1486698992;-49.99784;2.8459032
94033.1486696608;-49.92657;2.847106
94034.1486694224;-49.977477;2.8485594
94035.148669184;-49.885848;2.8498626
94036.1486689456;-50.021598;2.8512659
94037.1486687071;-49.963902;2.852669
94038.1486684687;-49.977477;2.853471
94039.1486682303;-49.919785;2.8553255
94040.1486679919;-50.011414;2.8563778
94041.1486677535;-49.970691;2.8574805
94042.1486675151;-49.957113;2.8593347
94043.1486672766;-50.018199;2.8601868
94044.1486670382;-49.950328;2.8614397
94045.1486667998;-49.896031;2.8625424
94046.1486665614;-49.987656;2.8640959
94047.148666323;-49.987656;2.865299
94048.1486660845;-49.868883;2.8664515
94049.1486658461;-49.892637;2.8680553
94050.1486656077;-49.92657;2.8692081
94051.148665373;-49.913;2.8701103
94052.1486651383;-49.963902;2.8715637
94053.1486649036;-49.950328;2.8727164
94054.1486646689;-49.899422;2.8739693
94055.1486644342;-49.865484;2.8751721
94056.1486641995;-49.946934;2.8763249
94057.1486639648;-49.98427;2.8778784
94058.1486637302;-49.963902;2.8788307
94059.1486634955;-49.943543;2.8799334
94060.1486632608;-49.980871;2.8809357
94061.1486630261;-49.929969;2.8820884
94062.1486627914;-49.950328;2.8832412
94063.1486625567;-49.919785;2.8844941
94064.148662322;-49.953723;2.8856969
94065.1486620873;-49.899422;2.8867495
94066.1486618526;-49.93675;2.8882029
94067.1486616179;-49.960512;2.8890047
94068.1486613832;-49.879063;2.8901575
94069.1486611485;-49.919785;2.8914104
94070.1486609138;-50.028379;2.8924127
94071.1486606791;-49.994449;2.8937159
94072.1486604444;-49.957113;2.894618
94073.1486602098;-49.879063;2.8957708
94074.1486599751;-49.933363;2.8973243
94075.1486597404;-49.974082;2.8977754
94076.1486595057;-49.950328;2.8992288
94077.1486592691;-49.906211;2.9004817
94078.1486590307;-49.872273;2.9010832
94079.1486587923;-49.977477;2.9024866
94080.1486585539;-49.967297;2.9034889
94081.1486583154;-49.943543;2.9045413
94082.148658077;-49.957113;2.9054935
94083.1486578386;-49.906211;2.9062955
94084.1486576002;-49.929969;2.9077489
94085.1486573618;-49.991051;2.9086008
94086.1486571234;-49.929969;2.9093528
94087.1486568849;-49.960512;2.9106557
94088.1486566465;-50.103043;2.9119086
94089.1486564081;-50.004629;2.9127107
94090.1486561697;-50.014809;2.9135125
94091.1486559313;-49.987656;2.9148157
94092.1486556928;-49.987656;2.9159181
94093.1486554544;-49.93675;2.9166698
94094.148655216;-49.977477;2.917572
94095.1486549776;-49.991051;2.9187748
94096.1486547392;-49.957113;2.9197271
94097.1486545007;-49.919785;2.9203286
94098.1486542623;-49.899422;2.9213309
94099.1486540239;-49.93675;2.9224336
94100.1486537855;-49.98427;2.9234359
94101.1486535471;-49.994449;2.9241376
94102.1486533087;-49.943543;2.9253905
94103.1486530712;-50.038559;2.9264932
94104.1486528365;-50.004629;2.9269443
94105.1486526018;-49.980871;2.9283473
94106.1486523671;-49.98427;2.929049
94107.1486521324;-49.929969;2.929801
94108.1486518977;-49.929969;2.9312544
94109.148651663;-49.960512;2.9320061
94110.1486514283;-49.919785;2.9326074
94111.1486511936;-49.929969;2.9337101
94112.1486509589;-49.865484;2.9345119
94113.1486507242;-49.957113;2.9358151
94114.1486504895;-50.00802;2.9365668
94115.1486502548;-49.957113;2.9376192
94116.1486500202;-50.004629;2.9381707
94117.1486497855;-49.994449;2.9392731
94118.1486495508;-49.909605;2.9400249
94119.1486493161;-49.974082;2.9410274
94120.1486490814;-50.011414;2.9416287
94121.1486488467;-49.875664;2.942982
94122.148648612;-49.974082;2.9438338
94123.1486483773;-49.977477;2.9446859
94124.1486481426;-49.868883;2.9454877
94125.1486479079;-49.896031;2.9460392
94126.1486476732;-49.90282;2.9469914
94127.1486474385;-49.953723;2.9477432
94128.1486472038;-49.92318;2.948595
94129.1486469691;-49.896031;2.9496477
94130.1486467321;-49.929969;2.9508004
94131.1486464937;-49.919785;2.9514518
94132.1486462553;-49.994449;2.9525545
94133.1486460169;-49.940148;2.9533563
94134.1486457784;-50.021598;2.9541082
94135.14864554;-49.93675;2.9546595
94136.1486453016;-49.987656;2.9556618
94137.1486450632;-49.879063;2.9564638
94138.1486448248;-49.90282;2.9573658
94139.1486445864;-49.933363;2.9579673
94140.1486443479;-49.957113;2.9588192
94141.1486441095;-49.899422;2.9596713
94142.1486438711;-49.943543;2.9605734
94143.1486436327;-49.967297;2.9615257
94144.1486433943;-49.896031;2.9621773
94145.1486431558;-49.92657;2.9630792
94146.1486429174;-49.940148;2.9641819
94147.148642679;-49.899422;2.9646831
94148.1486424406;-49.906211;2.9653347
94149.1486422022;-50.018199;2.9658859
94150.1486419637;-49.896031;2.9669886
94151.1486417253;-49.994449;2.9677403
94152.1486414869;-49.963902;2.9686425
94153.1486412485;-49.865484;2.9695947
94154.1486410101;-49.862094;2.9697449
94155.1486407717;-50.018199;2.9708977
94156.1486405346;-49.93675;2.9716997
94157.1486402999;-49.916391;2.9725015
94158.1486400652;-49.946934;2.9733534
94159.1486398306;-50.028379;2.9739549
94160.1486395959;-49.987656;2.9747567
94161.1486393612;-50.021598;2.975709
94162.1486391265;-49.919785;2.97616
94163.1486388918;-49.957113;2.9771624
94164.1486386571;-50.014809;2.9779644
94165.1486384224;-49.99784;2.9784155
94166.1486381877;-49.960512;2.9795179
94167.148637953;-49.946934;2.9800191
94168.1486377183;-49.93675;2.9809716
94170.1486372489;-50.004629;2.9817233
94171.1486370142;-50.069105;2.9831767
94172.1486367795;-49.960512;2.9836278
94173.1486365448;-49.950328;2.9844797
94174.1486363102;-49.946934;2.9848807
94175.1486360755;-49.940148;2.9859331
94176.1486358408;-50.00123;2.9866347
94177.1486356061;-50.0725;2.9872863
94178.1486353714;-49.929969;2.9876873
94179.1486351367;-50.0725;2.9887898
94180.148634902;-49.899422;2.9894414
94181.1486346673;-50.004629;2.9901931
94182.1486344326;-49.950328;2.9910953
94183.1486341951;-49.957113;2.991396
94184.1486339567;-50.041957;2.9922481
94185.1486337183;-49.987656;2.9929998
94186.1486334799;-49.946934;2.9936013
94187.1486332414;-50.011414;2.9940522
94188.148633003;-50.041957;2.9955058
94190.1486325262;-50.052137;2.9964077
94191.1486322878;-49.963902;2.9970593
94192.1486320494;-49.906211;2.9978111
94193.1486318109;-49.980871;2.9982622
94194.1486315725;-49.970691;2.9991643
94195.1486313341;-49.943543;3.0001667
94196.1486310957;-49.946934;3.0004673
94197.1486308573;-49.977477;3.00157
94198.1486306188;-49.977477;3.0018706
94199.1486303804;-49.929969;3.0027728
94200.148630142;-50.018199;3.0031238
94201.1486299036;-49.994449;3.0038755
94202.1486296652;-49.970691;3.0047777
94203.1486294268;-49.980871;3.0051284
94204.1486291883;-49.919785;3.0056796
94205.1486289499;-49.960512;3.0066319
94206.1486287115;-49.889242;3.0076845
94207.1486284731;-49.980871;3.0080352
94208.1486282347;-49.957113;3.0085866
94209.1486279981;-50.011414;3.0092881
94210.1486277634;-49.940148;3.0099897
94211.1486275287;-49.957113;3.010942
94212.148627294;-49.889242;3.0112929
94213.1486270593;-49.963902;3.0120447
94214.1486268246;-49.991051;3.0125959
94215.1486265899;-50.00802;3.0131474
94216.1486263552;-49.974082;3.0137486
94217.1486261206;-50.021598;3.0141997
94218.1486258859;-49.99784;3.015202
94219.1486256512;-49.957113;3.0154026
94220.1486254165;-50.096258;3.0164049
94221.1486251818;-50.00802;3.0170064
94222.1486249471;-49.906211;3.017658
94223.1486247124;-49.868883;3.0179586
94224.1486244777;-49.916391;3.0185099
94225.148624243;-49.963902;3.019362
94226.1486240083;-49.933363;3.0199132
94227.1486237736;-49.906211;3.0209658
94228.1486235389;-49.943543;3.0212164
94229.1486233042;-50.035172;3.0217175
94230.1486230695;-49.967297;3.0224693
94231.1486228348;-50.065715;3.0231209
94232.1486226002;-50.035172;3.0240228
94233.1486223655;-50.035172;3.024524
94234.1486221308;-49.916391;3.0251255
94235.1486218961;-49.940148;3.0256767
94236.1486216581;-49.899422;3.0262282
94237.1486214197;-49.93675;3.0267293
94238.1486211813;-49.889242;3.0275812
94239.1486209429;-49.980871;3.0279822
94240.1486207044;-49.960512;3.0289845
94242.1486202276;-49.980871;3.0298367
94243.1486199892;-49.967297;3.0303879
94244.1486197508;-49.899422;3.0310395
94245.1486195124;-49.885848;3.0316408
94246.1486192739;-50.011414;3.0319917
94247.1486190355;-49.92318;3.032593
94248.1486187971;-49.933363;3.0338461
94249.1486185587;-49.98427;3.0338461
94250.1486183203;-49.933363;3.0345979
94251.1486180818;-49.99784;3.0347984
94252.1486178434;-49.950328;3.0355
94253.148617605;-49.950328;3.0363019
94254.1486173666;-50.086078;3.0366025
94255.1486171282;-49.974082;3.0373542
94256.1486168898;-49.987656;3.0381062
94257.1486166513;-50.00802;3.0387075
94258.1486164129;-50.021598;3.0392087
94259.1486161745;-49.943543;3.0397098
94260.1486159361;-49.817977;3.0401108
94261.1486156977;-49.913;3.0409126
94262.1486154616;-49.967297;3.0414641
94263.1486152269;-49.916391;3.0421658
94264.1486149922;-49.987656;3.0425165
94265.1486147575;-49.913;3.0432682
94266.1486145228;-49.92318;3.0436692
94267.1486142881;-49.933363;3.0441704
94268.1486140534;-49.970691;3.0449722
94269.1486138187;-49.946934;3.0454736
94270.148613584;-49.980871;3.0458744
94271.1486133493;-50.031777;3.0466261
94272.1486131146;-49.987656;3.0473781
94273.1486128799;-50.00802;3.0472777
94274.1486126452;-49.980871;3.0483303
94275.1486124106;-50.011414;3.04828
94276.1486121759;-49.92657;3.0491822
94277.1486119412;-49.913;3.0498338
94278.1486117065;-49.946934;3.0500343
94279.1486114718;-49.889242;3.0509362
94280.1486112371;-49.92318;3.0516379
94281.1486110024;-49.946934;3.0521894
94282.1486107677;-49.950328;3.0523396
94283.148610533;-49.99784;3.0530412
94284.1486102983;-49.929969;3.0536928
94285.1486100636;-49.92318;3.053793
94286.1486098289;-49.98427;3.0544946
94287.1486095942;-49.980871;3.0550961
94288.1486093591;-49.855305;3.0559483
94292.1486084054;-49.92657;3.0576019
94293.148608167;-49.991051;3.0583539
94294.1486079286;-49.865484;3.0585041
94295.1486076901;-49.882457;3.0592058
94296.1486074517;-49.845125;3.0595567
94297.1486072133;-49.889242;3.0602584
94298.1486069749;-50.011414;3.0612106
94299.1486067365;-49.93675;3.0611103
94300.1486064981;-49.953723;3.0617619
94301.1486062596;-50.120008;3.0622129
94302.1486060212;-50.014809;3.0628142
94303.1486057828;-49.98427;3.0633154
94304.1486055444;-49.950328;3.0640171
94306.1486050675;-49.950328;3.064769
94307.1486048291;-49.899422;3.0655708
94308.1486045907;-49.991051;3.0661721
94309.1486043523;-49.98427;3.066473
94310.1486041139;-50.011414;3.0670743
94311.1486038755;-49.906211;3.0675254
94312.148603637;-49.967297;3.0680766
94313.1486033986;-49.963902;3.0686281
94314.1486031602;-49.892637;3.0689788
94315.1486029246;-49.882457;3.0694799
94316.1486026899;-49.913;3.0700314
94317.1486024552;-49.974082;3.0706828
94318.1486022205;-50.055531;3.0711842
94321.1486015164;-49.919785;3.0720861
94322.1486012817;-49.946934;3.0728881
94323.148601047;-49.946934;3.0735395
94324.1486008123;-49.950328;3.0740409
94325.1486005776;-49.946934;3.0747423
94326.1486003429;-50.041957;3.0746922
94327.1486001083;-49.814582;3.0752938
94328.1485998736;-49.896031;3.0760956
94330.1485994042;-49.906211;3.0766468
94331.1485991695;-49.913;3.0773988
94332.1485989348;-49.916391;3.0776994
94333.1485987001;-49.946934;3.078351
94334.1485984654;-49.872273;3.0785513
94335.1485982307;-49.987656;3.0791028
94336.148597996;-49.946934;3.0794034
94337.1485977613;-49.977477;3.0802555
94338.1485975266;-49.994449;3.0807066
94339.1485972919;-50.014809;3.0812078
94340.1485970572;-49.994449;3.081809
94343.1485963448;-50.004629;3.0829117
94344.1485961064;-49.882457;3.0834129
94345.1485958679;-49.93675;3.0839641
94346.1485956295;-49.92657;3.0844653
94349.1485949143;-50.004629;3.085568
94350.1485946758;-49.99784;3.0861692
94351.1485944374;-49.93675;3.0865703
94352.148594199;-49.906211;3.0871215
94354.1485937222;-49.967297;3.0879235
94355.1485934838;-49.946934;3.0885248
94356.1485932453;-49.987656;3.0887253
94357.1485930069;-49.913;3.0893769
94358.1485927685;-49.872273;3.089828
94359.1485925301;-49.92318;3.0904796
94360.1485922917;-49.970691;3.0907803
94361.1485920533;-49.834941;3.0913315
94362.1485918148;-49.885848;3.0916824
94363.1485915764;-49.953723;3.0923841
94364.148591338;-49.957113;3.0922337
94365.1485910996;-50.024992;3.0927348
94366.1485908612;-49.885848;3.0934365
94367.1485906227;-49.929969;3.0937872
94368.1485903881;-49.892637;3.0944388
94369.1485901534;-50.092859;3.0950904
94370.1485899187;-49.940148;3.0949399
94371.148589684;-49.885848;3.0954914
94372.1485894493;-49.885848;3.0958922
94373.1485892146;-49.974082;3.0964937
94374.1485889799;-49.933363;3.0970449
94377.1485882758;-49.93675;3.0981476
94378.1485880411;-49.994449;3.0986488
94379.1485878064;-49.92657;3.0987992
94380.1485875717;-49.933363;3.0993505
94381.148587337;-49.960512;3.0997515
94382.1485871023;-49.919785;3.1005533
94385.1485863983;-49.892637;3.1012549
94386.1485861636;-50.00123;3.1023576
94388.1485856942;-49.929969;3.1028085
94389.1485854595;-49.929969;3.1033599
94390.1485852248;-50.021598;3.1034601
94391.1485849901;-49.980871;3.1042621
94392.1485847554;-49.943543;3.1043622
94393.1485845207;-50.021598;3.1054146
94395.1485840462;-49.98427;3.1059661
94396.1485838078;-49.899422;3.1066175
94400.1485828541;-49.987656;3.1077201
94401.1485826157;-50.035172;3.1083217
94402.1485823773;-50.014809;3.1085722
94403.1485821389;-50.00123;3.1091235
94404.1485819004;-49.977477;3.1098251
94405.148581662;-49.994449;3.1096747
94406.1485814236;-49.99784;3.1101758
94407.1485811852;-49.943543;3.1104767
94408.1485809468;-49.943543;3.1112285
94409.1485807084;-49.957113;3.1116796
94410.1485804699;-49.929969;3.1121807
94411.1485802315;-49.970691;3.1125815
94412.1485799931;-49.970691;3.1130829
94415.1485792778;-50.021598;3.1139848
94416.1485790394;-49.950328;3.1145864
94417.148578801;-49.92318;3.1150875
94419.1485783242;-49.967297;3.1154885
94420.1485780867;-49.940148;3.1161399
94422.1485776173;-49.950328;3.1166413
94423.1485773826;-49.919785;3.1171424
94424.1485771479;-49.967297;3.1178942
94425.1485769132;-50.00123;3.1178942
94426.1485766785;-49.90282;3.1185958
94430.1485757397;-49.916391;3.1198988
94431.1485755051;-49.916391;3.1206005
94433.1485750357;-49.909605;3.120801
94434.148574801;-50.018199;3.1216028
94435.1485745663;-49.980871;3.1221039
94439.1485736275;-49.950328;3.1235576
94440.1485733928;-49.950328;3.1240587
94443.1485726887;-50.035172;3.1251111
94444.148572454;-50.024992;3.1256123
94446.1485719847;-49.980871;3.1259129
94447.1485717481;-49.913;3.1267149
94451.1485707944;-49.933363;3.1278677
94452.148570556;-49.940148;3.1286695
94456.1485696023;-49.929969;3.1297219
94457.1485693639;-49.977477;3.1304235
94461.1485684102;-49.929969;3.1316767
94462.1485681718;-49.929969;3.1323783
94467.1485669797;-50.069105;3.1338317
94468.1485667413;-49.93675;3.1346335
94471.1485660261;-50.00123;3.1353853
94472.1485657876;-49.967297;3.1360869
94473.1485655506;-49.960512;3.1360869
94474.1485653159;-50.031777;3.1366384
94476.1485648465;-49.919785;3.1370392
94477.1485646118;-49.946934;3.1377409
94478.1485643771;-49.994449;3.1378913
94479.1485641425;-49.950328;3.1385429
94480.1485639078;-49.98427;3.1384926
94481.1485636731;-49.913;3.1389937
94482.1485634384;-49.994449;3.1391943
94483.1485632037;-49.913;3.1400464
94484.148562969;-50.024992;3.1401465
94485.1485627343;-50.004629;3.140698
94486.1485624996;-49.974082;3.1408482
94487.1485622649;-49.946934;3.1413493
94491.1485613261;-49.950328;3.1423519
94492.1485610914;-49.953723;3.142853
94497.148559918;-49.92318;3.1446571
94498.1485596833;-49.865484;3.1451583
94499.1485594486;-49.980871;3.1450582
94500.1485592116;-49.929969;3.1458099
94501.1485589731;-49.977477;3.1458099
94502.1485587347;-49.98427;3.146311
94503.1485584963;-49.892637;3.1465616
94504.1485582579;-50.024992;3.1470628
94505.1485580195;-49.98427;3.1470127
94506.1485577811;-50.075898;3.1476643
94507.1485575426;-49.99784;3.1476142
94508.1485573042;-50.021598;3.1487668
94511.148556589;-50.00802;3.1491678
94512.1485563505;-50.028379;3.1497693
94513.1485561121;-50.011414;3.1499195
94514.1485558737;-49.970691;3.1507215
94516.1485553969;-49.906211;3.1508217
94517.1485551584;-49.963902;3.1514733
94520.1485544432;-49.98427;3.1521749
94521.1485542048;-49.943543;3.1527262
94525.1485532511;-49.987656;3.1537788
94526.1485530145;-49.980871;3.1544802
94533.1485513717;-50.00802;3.1566355
94534.148551137;-49.960512;3.1571367
94537.1485504329;-49.946934;3.1576378
94538.1485501982;-50.028379;3.1582894
94549.1485476166;-49.906211;3.1616473
94550.1485473819;-49.987656;3.1621485
94553.1485466746;-49.943543;3.1628501
94554.1485464361;-49.963902;3.1634014
94556.1485459593;-49.967297;3.1640029
94557.1485457209;-49.90282;3.1645541
94560.1485450056;-49.987656;3.1650553
94561.1485447672;-49.98427;3.1658571
94564.148544052;-49.93675;3.1660576
94565.1485438135;-49.855305;3.1667593
94566.1485435751;-49.879063;3.1671603
94567.1485433367;-49.919785;3.167912
94570.1485426214;-49.933363;3.1682627
94571.148542383;-49.946934;3.1688142
94573.1485419062;-50.035172;3.1690147
94574.1485416678;-50.041957;3.169616
94582.1485397739;-49.90282;3.1718714
94583.1485395392;-49.92657;3.1724226
94586.1485388352;-49.882457;3.1727734
94587.1485386005;-49.967297;3.1735253
94596.1485364882;-49.950328;3.175981
94597.1485362535;-49.98427;3.1765323
94600.1485355495;-49.92657;3.177284
94601.1485353148;-49.940148;3.1777852
94604.1485346107;-49.943543;3.1783366
94605.148534376;-49.831555;3.178988
94609.1485334223;-49.868883;3.17979
94610.1485331839;-49.991051;3.1803412
94615.1485319918;-49.98427;3.1816945
94616.1485317534;-49.987656;3.1821957
94647.1485244208;-49.980871;3.1904149
94648.1485241862;-49.90282;3.1911166
94651.1485234821;-49.862094;3.1913671
94652.1485232474;-49.987656;3.1919687
94655.1485225433;-50.06232;3.1923697
94656.1485223086;-49.970691;3.1931715
94663.1485206467;-50.021598;3.1945748
94664.1485204082;-49.980871;3.1952264
94668.1485194546;-49.980871;3.1957276
94669.1485192161;-49.92657;3.1966298
94673.1485182625;-50.041957;3.197181
94674.1485180241;-50.035172;3.1977322
94677.1485173088;-49.933363;3.1982837
94678.1485170704;-49.960512;3.198935
94680.1485165935;-49.960512;3.1990354
94681.1485163551;-50.075898;3.1995866
94685.1485154052;-49.919785;3.2004888
94686.1485151705;-49.916391;3.20099
94687.1485149358;-49.960512;3.2008896
94688.1485147011;-49.970691;3.201441
94692.1485137623;-49.946934;3.2022429
94693.1485135276;-49.963902;3.202744
94696.1485128235;-49.994449;3.2032452
94697.1485125889;-49.994449;3.2037463
94704.148510946;-49.970691;3.20525
94705.1485107113;-49.919785;3.2057512
94707.1485102419;-49.943543;3.2055507
94708.1485100072;-49.943543;3.2064028
94730.1485047723;-49.980871;3.2113142
94731.1485045338;-50.021598;3.2120159
94737.1485031038;-49.994449;3.2129681
94738.1485028691;-49.933363;3.2137198
94741.148502165;-49.994449;3.2139204
94742.1485019303;-49.865484;3.2144215
94756.1484986446;-49.970691;3.2176793
94757.1484984099;-49.943543;3.2181804
94762.1484972365;-49.940148;3.2186816
94763.1484970018;-49.98427;3.2191827
94774.1484943815;-50.035172;3.2213881
94775.1484941431;-49.92318;3.2219393
94779.1484931894;-49.943543;3.2227411
94780.148492951;-49.896031;3.2232423
94781.1484927126;-49.950328;3.2228415
94782.1484924742;-49.919785;3.2234428
94783.1484922357;-49.967297;3.2239943
94791.148490333;-49.963902;3.2251971
94792.1484900983;-49.933363;3.2257483
94804.148487282;-49.950328;3.2277029
94805.1484870473;-49.896031;3.2284045
94811.1484856392;-49.93675;3.2293067
94812.1484854045;-49.946934;3.2298579
94814.1484849351;-50.065715;3.2300584
94815.1484847004;-49.963902;3.2305596
94824.1484825601;-49.811188;3.2319629
94825.1484823217;-49.933363;3.2324641
94830.1484811296;-49.960512;3.2332158
94831.1484808912;-49.929969;3.233717
94835.1484799375;-49.92318;3.2342184
94836.1484796991;-50.089465;3.2349701
94838.1484792222;-49.943543;3.2346692
94839.1484789838;-49.946934;3.2351706
94848.1484768581;-49.862094;3.236624
94849.1484766234;-49.929969;3.2371752
94853.1484756846;-50.021598;3.2375762
94854.1484754499;-49.899422;3.2380774
94863.1484733377;-49.885848;3.2393303
94864.148473103;-49.929969;3.2398815
94868.1484721642;-49.943543;3.240082
94869.1484719295;-49.882457;3.2405832
94873.1484709763;-49.906211;3.2407336
94874.1484707379;-49.980871;3.2415354
94884.1484683537;-49.943543;3.2427382
94885.1484681153;-49.90282;3.2432394
94887.1484676385;-50.024992;3.2437408
94888.1484674;-49.882457;3.2430391
94889.1484671616;-50.123406;3.2435403
94908.1484626782;-49.98427;3.2460961
94909.1484624435;-50.014809;3.2468481
95034.148432888;-49.943543;3.2537644
95035.1484326496;-50.031777;3.2543657
95088.1484201126;-49.851914;3.2548168
95089.1484198742;-49.882457;3.2554684
95106.1484158211;-49.896031;3.2551677
95107.1484155831;-49.851914;3.2557189
95153.1484047146;-49.929969;3.2562201
95154.1484044762;-49.953723;3.2557189
95155.1484042377;-49.970691;3.2562702
95180.1483983527;-50.028379;3.2567213
95181.148398118;-49.90282;3.2562201
95182.1483978833;-49.906211;3.2567213
95201.1483933692;-49.953723;3.2565708
95202.1483931308;-50.065715;3.2572224
95203.1483928924;-50.065715;3.2569718
95204.148392654;-50.048746;3.2564206
95205.1483924155;-49.977477;3.2571723
95227.1483872239;-49.960512;3.2571223
95228.1483869892;-49.991051;3.2578239
95229.1483867545;-49.980871;3.2572224
95273.1483763307;-49.960512;3.258275
95274.148376096;-49.899422;3.2575734
95303.1483692489;-50.021598;3.2582247
95304.1483690105;-50.038559;3.2587762
95348.1483586197;-49.980871;3.2593274
95349.1483583813;-49.916391;3.2586758
95350.1483581429;-50.035172;3.2592273
95370.1483533745;-49.977477;3.2592773
95371.1483531361;-49.868883;3.2597785
95465.1483309233;-49.977477;3.2617331
95466.1483306849;-49.963902;3.2612319
95482.1483268898;-49.916391;3.2618835
95483.1483266551;-49.963902;3.261332
95484.1483264204;-49.92657;3.2618334
95511.1483200553;-49.90282;3.2622843
95512.1483198169;-49.963902;3.2627857
95513.1483195784;-49.882457;3.2622843
95528.1483160022;-49.92657;3.2622843
95529.1483157637;-49.960512;3.2629859
95533.1483148226;-49.953723;3.2632868
95534.1483145879;-49.980871;3.2627354
95541.1483129451;-50.004629;3.2635875
95542.1483127104;-49.943543;3.2629359
95545.1483120063;-50.024992;3.2629359
95546.1483117716;-50.00802;3.263437
95549.1483110675;-50.021598;3.2630863
95550.1483108329;-50.035172;3.2637379
95555.1483096594;-49.92318;3.2635875
95556.1483094247;-49.977477;3.2630863
95641.1482892811;-50.086078;3.265893
95642.1482890464;-49.940148;3.2653916
95700.1482753368;-49.987656;3.2674966
95701.1482751021;-49.92657;3.2679977
95747.1482642084;-49.862094;3.2688498
95748.1482639737;-49.899422;3.2694514
95757.1482618615;-49.994449;3.2696016
95758.1482616268;-49.970691;3.2691004
95788.1482545096;-49.99784;3.2699022
95789.1482542712;-49.882457;3.2707543
95797.1482523755;-49.963902;3.2706039
95798.1482521408;-49.913;3.2711554
95802.148251202;-49.99784;3.2709548
95803.1482509673;-50.00123;3.271456
95828.1482450716;-50.028379;3.2723081
95829.1482448332;-49.93675;3.2717566
95846.14824078;-49.92657;3.2723582
95847.148240543;-50.011414;3.2730095
95879.1482330114;-49.974082;3.2734606
95880.148232773;-50.004629;3.2740622
95918.148223782;-49.957113;3.2755656
95919.1482235473;-49.92318;3.2750645
95923.1482226085;-50.00802;3.2751648
95924.1482223739;-49.970691;3.2757161
95925.1482221392;-49.994449;3.2752149
95926.1482219045;-49.987656;3.2757661
95955.1482150006;-49.957113;3.2765179
95956.1482147659;-49.868883;3.277019
95970.1482114802;-49.977477;3.2776206
95971.1482112455;-49.970691;3.2770693
96006.1482029334;-49.963902;3.2785227
96007.1482026987;-50.133586;3.279124
96017.1482003518;-50.048746;3.2793746
96018.1482001171;-49.885848;3.2788734
96019.1481998824;-49.991051;3.279475
96094.1481821473;-49.98427;3.2822313
96095.1481819088;-49.967297;3.2828829
96109.148178571;-49.943543;3.2827828
96110.1481783326;-50.08268;3.2832839
96127.1481743395;-49.93675;3.283334
96128.1481741048;-49.93675;3.2838352
96129.1481738701;-49.909605;3.2842863
96130.1481736354;-49.882457;3.2837851
96140.1481712792;-49.906211;3.2841859
96141.1481710408;-49.909605;3.2847373
96209.148154928;-50.011414;3.2872431
96210.1481546895;-50.048746;3.2866919
96211.1481544511;-50.00123;3.2874436
96224.1481513796;-49.943543;3.2873936
96225.1481511449;-49.93675;3.2879448
96252.1481447756;-49.970691;3.2889471
96253.1481445372;-49.940148;3.2883959
96254.1481442988;-49.913;3.288897
96361.1481189866;-49.943543;3.293107
96362.1481187482;-49.92318;3.2936583
96380.1481144748;-49.977477;3.2944603
96381.1481142401;-49.838336;3.2939088
96382.1481140054;-49.862094;3.2945604
96401.1481095462;-49.977477;3.2949114
96402.1481093106;-50.018199;3.2954125
96405.1481085954;-50.004629;3.2950616
96406.1481083569;-49.892637;3.2955627
96410.1481074033;-49.98427;3.2950616
96411.1481071648;-50.00802;3.2956631
96412.1481069264;-49.957113;3.2952621
96413.148106688;-49.929969;3.2957633
96427.1481033501;-49.919785;3.2959638
96428.1481031122;-49.916391;3.2964649
96475.1480920057;-49.858703;3.2975676
96476.1480917673;-49.963902;3.2981188
96552.1480738155;-49.950328;3.3006248
96553.1480735808;-49.896031;3.3011761
96560.1480719379;-49.933363;3.3008754
96561.1480717004;-50.058926;3.3014266
96582.1480666936;-49.868883;3.3022785
96583.1480664552;-49.913;3.3017774
96602.148061983;-49.90282;3.30288
96603.1480617483;-50.031777;3.3022285
96604.1480615136;-50.014809;3.3027296
96653.1480499159;-49.960512;3.3047345
96654.1480496812;-49.906211;3.304183
96743.1480286049;-49.940148;3.30709
96744.1480283665;-49.963902;3.3076413
96746.1480278933;-49.821371;3.3074408
96747.1480276587;-49.885848;3.3080423
96748.148027424;-49.974082;3.3075411
96769.1480224954;-49.858703;3.3078918
96770.1480222607;-49.987656;3.3084431
96797.1480158295;-49.970691;3.3086436
96798.1480155915;-50.086078;3.309195
96801.1480148874;-49.929969;3.308794
96802.1480146527;-49.987656;3.3093452
96816.148011367;-49.946934;3.3096962
96817.1480111323;-49.953723;3.3090446
96844.148004723;-49.940148;3.3100469
96845.1480044846;-49.950328;3.3105981
96854.1480023509;-49.943543;3.3109491
96855.1480021162;-49.957113;3.3104479
96858.1480014121;-50.004629;3.3105481
96859.1480011774;-49.855305;3.3111496
96860.1480009427;-49.960512;3.3106484
96892.1479933781;-49.913;3.311801
96893.1479931396;-49.868883;3.3112998
96894.1479929012;-50.038559;3.3120518
96916.1479877021;-49.963902;3.3127532
96917.1479874674;-49.987656;3.312252
96922.147986294;-49.899422;3.3123024
96923.1479860593;-49.980871;3.3128536
96948.1479801253;-49.862094;3.3130541
96949.1479798869;-49.943543;3.3137558
96950.1479796485;-49.943543;3.3130541
96975.1479737574;-49.879063;3.3138058
96976.1479735227;-49.92657;3.314307
96992.1479697341;-50.041957;3.3150086
96993.1479694957;-49.950328;3.3144574
97059.1479538593;-49.913;3.3170636
97060.1479536208;-49.977477;3.3165622
97061.1479533824;-49.967297;3.3163619
97062.147953144;-49.994449;3.3168631
97082.1479484501;-49.831555;3.3172138
97083.1479482154;-50.011414;3.3177652
97095.1479453758;-49.913;3.3178654
97096.1479451374;-49.970691;3.3173141
97152.1479318856;-49.92318;3.3191183
97153.1479316472;-49.93675;3.3196194
97170.1479276022;-50.018199;3.3194189
97171.1479273675;-49.987656;3.3202209
97188.1479233778;-49.957113;3.3201206
97189.1479231431;-49.824762;3.320672
97200.147920541;-50.00123;3.3204715
97201.1479203025;-49.899422;3.3210728
97210.1479181568;-49.92657;3.3214738
97211.1479179184;-49.919785;3.3209226
97216.1479167263;-49.994449;3.3210728
97217.1479164878;-49.916391;3.3216243
97239.1479113111;-49.865484;3.3217745
97240.1479110764;-49.899422;3.3222756
97253.147908004;-49.960512;3.322777
97254.1479077655;-50.058926;3.3222756
97297.1478976011;-49.872273;3.3234284
97298.1478973664;-49.899422;3.3239295
97307.1478952285;-50.00123;3.3238294
97308.1478949901;-49.946934;3.3244309
97322.1478916523;-49.960512;3.3241801
97323.1478914138;-49.868883;3.3246815
97340.1478874119;-49.828156;3.3246312
97341.1478871773;-49.858703;3.3251324
97368.1478807845;-49.882457;3.3254833
97369.1478805461;-49.957113;3.3260846
97384.147876988;-49.950328;3.3263855
97385.1478767533;-49.801008;3.3258843
97441.1478635127;-49.967297;3.3272877
97442.147863278;-49.953723;3.3278389
97443.1478630433;-49.957113;3.3272877
97509.1478474558;-50.035172;3.3288412
97510.1478472211;-49.970691;3.3294427
97513.1478465109;-50.038559;3.3288913
97514.1478462725;-49.967297;3.3294928
97515.1478460341;-49.940148;3.3287911
97516.1478457957;-49.828156;3.3292923
97557.1478360922;-49.919785;3.3298936
97558.1478358575;-49.838336;3.3304951
97624.1478202439;-49.943543;3.3309963
97625.1478200055;-49.940148;3.3315475
97647.1478147738;-49.967297;3.3313973
97648.1478145391;-49.919785;3.3319485
97667.1478100799;-49.817977;3.3321991
97668.1478098452;-49.811188;3.3316979
97683.1478062764;-49.98427;3.3326502
97684.147806038;-49.841734;3.3319986
97687.1478053227;-49.946934;3.332099
97688.1478050843;-49.940148;3.3326001
97690.1478046075;-49.919785;3.3328006
97691.1478043691;-50.028379;3.3322492
97715.1477987169;-50.00123;3.3326502
97716.1477984822;-49.906211;3.3331513
97735.1477939778;-49.943543;3.3328507
97736.1477937394;-49.913;3.333452
97795.1477797719;-49.93675;3.334254
97796.1477795335;-49.943543;3.3336525
97797.1477792951;-49.879063;3.334254
97814.1477752871;-49.98427;3.334254
97815.1477750524;-49.974082;3.3349056
97816.1477748177;-49.950328;3.3344042
97829.1477717649;-49.92657;3.3351562
97830.1477715264;-50.103043;3.3345046
97838.1477696191;-49.980871;3.3349557
97839.1477693807;-49.987656;3.3354568
97840.1477691422;-49.970691;3.3347552
97844.1477681886;-49.889242;3.3344042
97845.1477679502;-49.845125;3.3352063
97924.1477492757;-49.977477;3.3354568
97925.147749041;-49.909605;3.3361084
97935.1477466913;-49.845125;3.3359079
97936.1477464529;-49.929969;3.3364091
97942.1477450224;-49.957113;3.335958
97943.147744784;-50.0725;3.3365595
98055.1477182802;-49.957113;3.3378124
98056.1477180417;-49.814582;3.3373113
98092.1477095551;-49.946934;3.3378124
98093.1477093199;-49.933363;3.3384137
98098.1477081278;-49.92657;3.3378124
98099.1477078894;-49.919785;3.3384137
98119.147703121;-49.906211;3.3381131
98120.1477028863;-49.882457;3.3386643
98122.1477024169;-49.953723;3.3378625
98123.1477021822;-49.987656;3.3383636
98155.1476946371;-49.994449;3.3383136
98156.1476943987;-49.90282;3.3388147
98174.1476901151;-49.899422;3.3385141
98175.1476898804;-49.831555;3.3390152
98237.147675232;-49.967297;3.3387647
98238.1476749973;-50.031777;3.3394163
98356.1476471079;-49.899422;3.3400676
98357.1476468732;-49.974082;3.3395164
98358.1476466348;-49.987656;3.3402681
98359.1476463964;-49.855305;3.3395665
98406.1476352755;-50.011414;3.3401177
98407.1476350408;-49.841734;3.3396165
98412.1476338589;-49.933363;3.3395665
98413.1476336205;-49.953723;3.3400676
98443.1476264935;-49.906211;3.3403182
98444.1476262589;-49.980871;3.339817
98467.1476208446;-49.913;3.3399675
98468.1476206062;-49.92657;3.3405688
98537.147604254;-50.018199;3.3406692
98538.1476040156;-49.916391;3.3400676
98565.1475976649;-50.014809;3.3400676
98566.1475974302;-50.0725;3.3409698
98573.1475957701;-49.875664;3.3400676
98574.1475955317;-49.943543;3.3405688
98610.1475870059;-49.991051;3.3400676
98611.1475867712;-49.909605;3.3405688
98632.1475818026;-49.946934;3.3404686
98633.1475815642;-49.909605;3.3399675
98639.1475801337;-49.950328;3.3401177
98640.1475798953;-49.868883;3.3407192
98641.1475796569;-49.916391;3.3400176
98642.1475794185;-50.048746;3.3405187
98643.14757918;-49.92657;3.3408697
98644.1475789416;-49.970691;3.3403182
98646.1475784648;-49.960512;3.3403182
98647.1475782264;-49.946934;3.3408697
98682.1475699814;-50.004629;3.3407192
98683.1475697429;-49.994449;3.340168
98712.1475628726;-49.99784;3.3403685
98713.1475626379;-49.960512;3.3408697
98724.1475600563;-49.970691;3.3403685
98725.1475598216;-49.916391;3.3409197
98733.1475579212;-49.991051;3.3402181
98734.1475576828;-49.960512;3.3409698
98847.1475309401;-50.038559;3.3411202
98848.1475307017;-49.963902;3.3406191
98903.1475176883;-49.987656;3.3403685
98904.1475174499;-49.92657;3.3409698
98910.1475160194;-49.929969;3.3407192
98911.1475157809;-50.021598;3.3412204
98913.1475153092;-49.970691;3.3411202
98914.1475150745;-49.953723;3.3406191
98940.1475089665;-49.885848;3.3406191
98941.147508728;-49.909605;3.3411703
98942.1475084896;-50.0725;3.3406692
98978.1474999568;-50.018199;3.3404186
98979.1474997222;-50.021598;3.3411703
99003.1474940453;-49.980871;3.3406692
99004.1474938069;-49.933363;3.3412704
99025.1474888285;-49.98427;3.3412704
99026.1474885938;-49.90282;3.3407693
99076.1474767612;-50.00123;3.3413708
99077.1474765265;-50.014809;3.3407192
99119.1474665865;-49.99784;3.3410199
99120.1474663481;-49.943543;3.3416214
99121.1474661097;-49.987656;3.3409698
99133.1474632859;-49.933363;3.3413708
99134.1474630512;-50.014809;3.3408697
99254.1474346924;-50.028379;3.3417215
99255.1474344577;-49.906211;3.3412204
99257.1474339823;-49.953723;3.3417716
99258.1474337439;-50.031777;3.3411202
99263.1474325518;-49.929969;3.3410699
99264.1474323134;-49.875664;3.3415713
99299.1474240334;-50.014809;3.3411202
99300.1474237988;-49.909605;3.3417716
99349.1474122005;-49.801008;3.3412204
99350.1474119658;-49.92657;3.3417716
99358.1474100883;-49.991051;3.3416214
99359.1474098536;-50.014809;3.3411202
99360.1474096189;-50.045352;3.341872
99377.1474055695;-49.896031;3.341922
99378.1474053311;-49.953723;3.3413208
99389.147402715;-49.889242;3.3412704
99390.1474024803;-49.879063;3.3417716
99395.1474013068;-49.98427;3.3411202
99396.1474010722;-50.00123;3.3420222
99397.1474008375;-49.821371;3.341521
99402.147399664;-50.031777;3.341471
99403.1473994293;-50.004629;3.3419721
99404.1473991946;-49.872273;3.3411202
99405.1473989599;-49.967297;3.3416214
99428.1473935094;-49.929969;3.3415713
99429.1473932709;-49.899422;3.3421226
99430.1473930325;-49.943543;3.3413208
99439.1473908867;-49.977477;3.341922
99440.1473906483;-49.875664;3.3414209
99441.1473904132;-49.92657;3.3417716
99442.1473901785;-49.98427;3.3412704
99451.1473880662;-49.946934;3.341521
99452.1473878315;-49.896031;3.3421226
99453.1473875969;-49.885848;3.3416214
99477.147381926;-49.882457;3.3414209
99478.1473816876;-49.99784;3.3420222
99489.147379065;-49.875664;3.3415713
99490.1473788266;-49.943543;3.3420725
99494.1473778771;-49.960512;3.3416214
99495.1473776424;-49.851914;3.3421726
99497.147377173;-49.858703;3.3421726
99498.1473769383;-49.896031;3.3416715
99570.1473599431;-49.980871;3.342273
99571.1473597084;-49.963902;3.3417215
99576.1473585219;-49.92657;3.3421226
99577.1473582835;-49.977477;3.3416214
99602.1473523356;-50.011414;3.3425736
99603.1473521009;-49.909605;3.341922
99646.1473419318;-50.021598;3.3425236
99647.1473416934;-49.994449;3.3419721
99734.1473211495;-50.028379;3.3420222
99735.1473209111;-49.933363;3.3425736
99741.1473194806;-49.801008;3.3420725
99742.1473192422;-49.967297;3.3428242
99771.1473123797;-49.929969;3.3422227
99772.1473121451;-49.970691;3.3427742
99776.1473112063;-49.929969;3.3422227
99777.1473109716;-49.987656;3.3427238
99815.1473019559;-49.970691;3.3427238
99816.1473017212;-50.011414;3.3432252
99817.1473014865;-49.919785;3.3425236
99822.1473003131;-49.913;3.342273
99823.1473000784;-49.899422;3.3429244
99834.1472974967;-49.851914;3.3428242
99835.1472972621;-49.977477;3.3423231
99852.1472932155;-49.899422;3.3429244
99853.147292977;-49.885848;3.3424232
99854.1472927386;-49.99784;3.3429244
99928.1472752403;-49.957113;3.3427238
99929.1472750057;-49.960512;3.3432753
99953.147269333;-49.943543;3.3433254
99954.1472690946;-49.916391;3.3427238
99978.1472634074;-49.974082;3.3433254
99979.1472631727;-50.011414;3.3426237
99980.147262938;-49.950328;3.3431749
100036.147249697;-49.879063;3.3434758
100037.147249462;-49.916391;3.3429244
100080.147239273;-49.953723;3.3430247
100081.147239038;-50.014809;3.3435259
100083.147238569;-49.858703;3.3431749
100084.147238334;-49.957113;3.3437264
100097.147235283;-49.899422;3.3431749
100098.147235048;-49.940148;3.3438265
100099.147234814;-49.980871;3.3433254
100184.147214669;-49.957113;3.3441272
100185.147214434;-49.991051;3.343576
100191.147213026;-49.953723;3.343626
100192.147212792;-49.821371;3.3441272
100257.147197438;-49.92657;3.3438265
100258.147197203;-49.909605;3.3443778
100272.147193871;-49.946934;3.3438766
100273.147193632;-49.896031;3.3444781
100298.147187718;-49.90282;3.3445783
100299.147187483;-49.919785;3.3440771
100311.147184667;-49.889242;3.3443778
100312.147184432;-49.919785;3.3438766
100337.147178473;-49.865484;3.3445783
100338.147178234;-49.957113;3.3440771
100353.147174713;-49.967297;3.3441272
100354.147174478;-49.960512;3.3447287
100375.147169512;-49.943543;3.3441775
100376.147169274;-49.906211;3.3446786
100392.147165462;-49.957113;3.3446786
100393.147165227;-49.957113;3.3441775
100407.147161942;-49.855305;3.3442776
100408.147161707;-49.882457;3.3448288
100458.147149875;-49.90282;3.3443778
100459.14714964;-49.899422;3.3448789
100463.147148702;-49.882457;3.3448789
100464.147148467;-49.980871;3.3443778
100533.14713214;-49.913;3.3449292
100534.147131902;-49.99784;3.3455305
100535.147131664;-49.90282;3.3449793
100594.147117696;-49.929969;3.3452799
100595.147117457;-49.90282;3.3458312
100621.147111327;-49.98427;3.34533
100622.147111092;-49.875664;3.3458312
100638.147107305;-49.855305;3.3452799
100639.147107067;-49.916391;3.3458312
100648.147104921;-50.024992;3.3454804
100649.147104682;-50.021598;3.3459816
100665.147100903;-49.90282;3.3455806
100666.147100668;-49.994449;3.346082
100676.147098321;-49.916391;3.346082
100677.147098087;-49.967297;3.3454304
100678.147097852;-49.933363;3.3459315
100679.147097617;-49.841734;3.3453803
100709.147090479;-49.963902;3.346082
100710.147090245;-49.960512;3.3454804
100717.147088602;-49.994449;3.3456309
100718.147088367;-49.943543;3.3462322
100765.147077239;-49.929969;3.3465328
100766.147077004;-49.92318;3.3460317
100771.147075831;-49.953723;3.3460317
100772.147075596;-49.946934;3.3466833
100773.147075361;-49.828156;3.3461821
100777.147074423;-49.940148;3.3466332
100778.147074188;-49.92318;3.3457811
100779.147073953;-49.767074;3.3464327
100799.147069218;-49.851914;3.346132
100800.147068979;-49.916391;3.3468337
100811.147066357;-49.98427;3.3465831
100812.147066118;-49.99784;3.3460317
100885.14704888;-49.957113;3.3466332
100886.147048645;-49.967297;3.3472345
100970.147028745;-49.92318;3.347435
100971.147028507;-49.906211;3.3469338
100977.147027092;-49.953723;3.3470342
100978.147026858;-49.896031;3.3475354
101047.147010566;-49.899422;3.3472848
101048.147010331;-49.92657;3.3480866
101071.147004863;-49.909605;3.3481867
101072.147004625;-50.004629;3.3475354
101073.147004386;-49.93675;3.3480866
101081.147002489;-49.892637;3.3477859
101082.147002254;-50.00802;3.3483872
101085.14700155;-50.052137;3.3482871
101086.147001315;-50.00802;3.3477859
101096.146998968;-49.991051;3.3479362
101097.146998734;-50.014809;3.3485377
101098.146998499;-50.00802;3.3480365
101153.146985493;-49.946934;3.3479362
101154.146985258;-49.868883;3.3486378
101161.146983603;-49.960512;3.3483372
101162.146983364;-49.946934;3.3488884
101163.146983126;-49.933363;3.3483872
101164.146982888;-49.946934;3.3489387
101213.146971305;-49.987656;3.3490388
101214.146971066;-49.885848;3.3485377
101230.146967252;-49.879063;3.3493395
101231.146967013;-49.967297;3.3487883
101234.146966298;-49.879063;3.3488383
101235.14696606;-49.940148;3.3494399
101236.146965821;-49.98427;3.3487883
101237.146965584;-49.838336;3.3490388
101238.146965349;-49.807793;3.34954
101275.146956623;-49.913;3.349139
101276.146956384;-49.909605;3.3496401
101281.146955192;-49.957113;3.3490889
101282.146954954;-49.855305;3.3495901
101287.146953761;-49.943543;3.3492393
101288.146953523;-49.943543;3.3497405
101290.146953048;-49.970691;3.3498406
101291.146952813;-49.916391;3.3493395
101310.146948354;-49.845125;3.3493395
101311.146948119;-49.98427;3.3498406
101312.146947884;-49.967297;3.3492894
101336.146942179;-49.970691;3.3495901
101337.14694194;-49.940148;3.3500912
101338.146941702;-49.899422;3.349941
101339.146941463;-49.868883;3.3494399
101340.146941225;-50.014809;3.3499911
101366.146935114;-49.896031;3.3501916
101367.146934879;-49.90282;3.3496904
101384.146930833;-49.991051;3.3504922
101385.146930595;-49.831555;3.3499911
101392.146928926;-49.929969;3.3498909
101393.146928688;-49.953723;3.3503921
101402.146926567;-49.929969;3.3505924
101403.146926332;-49.906211;3.3500912
101410.146924689;-49.929969;3.3503418
101411.146924454;-49.913;3.3508933
101412.14692422;-49.994449;3.3502417
101423.146921634;-50.065715;3.3501916
101424.146921396;-50.041957;3.3507929
101481.146907905;-49.946934;3.3504922
101482.146907667;-49.963902;3.3509934
101526.14689727;-49.872273;3.3517954
101527.146897035;-49.92318;3.351294
101541.1468937;-49.93675;3.3517954
101542.146893461;-49.980871;3.3511939
101568.146887315;-50.021598;3.3514445
101569.14688708;-49.879063;3.352046
101613.146876656;-49.875664;3.3518956
101614.146876422;-50.00123;3.3523967
101615.146876187;-49.940148;3.3518455
101616.146875952;-49.855305;3.3523967
101617.146875718;-49.950328;3.3524468
101618.146875483;-49.875664;3.3518455
101639.146870533;-50.055531;3.3525972
101640.146870295;-49.882457;3.3519456
101641.146870057;-49.977477;3.3524468
101659.146865765;-49.913;3.3523467
101660.146865528;-50.011414;3.352948
101697.146856804;-49.919785;3.3527477
101698.146856566;-49.93675;3.3532989
101699.146856327;-49.970691;3.3532488
101700.146856089;-49.865484;3.3526974
101728.146849471;-49.882457;3.3530483
101729.146849236;-49.919785;3.3536496
101759.146842121;-49.906211;3.3534491
101760.146841882;-49.991051;3.3539505
101777.146837873;-49.99784;3.3536999
101778.146837638;-49.967297;3.3542511
101787.146835526;-49.950328;3.3540506
101788.146835291;-49.906211;3.3535495
101789.146835057;-49.858703;3.3541508
101793.146834114;-50.021598;3.3536999
101794.146833875;-49.98427;3.3543513
101854.146819669;-49.967297;3.3550529
101855.146819431;-49.967297;3.3545518
101865.146817047;-49.84852;3.3544517
101866.146816808;-49.892637;3.3549528
101896.146809749;-49.906211;3.355454
101897.146809514;-49.994449;3.3549528
101917.146804748;-49.882457;3.3556044
101918.14680451;-49.906211;3.355103
101920.146804033;-49.957113;3.3552034
101921.146803794;-49.896031;3.3557546
101922.146803556;-50.028379;3.3554039
101923.146803318;-49.967297;3.3559051
101924.14680308;-49.950328;3.3553035
101932.146801202;-49.987656;3.3553536
101933.146800967;-49.865484;3.355855
101934.146800733;-49.875664;3.355855
101935.146800498;-49.99784;3.3553536
101949.146797212;-49.970691;3.3556545
101950.146796978;-49.93675;3.3562558
101951.146796741;-49.950328;3.355504
101965.146793403;-49.957113;3.3559051
101966.146793164;-49.980871;3.3564062
101967.146792926;-49.919785;3.3560052
101968.146792687;-49.963902;3.3566067
101969.146792449;-49.974082;3.3559051
102012.146782296;-49.916391;3.3564563
102013.146782057;-49.909605;3.3570075
102107.146759837;-49.92318;3.3578095
102108.146759603;-49.916391;3.3583608
102158.146747771;-50.011414;3.3591125
102159.146747536;-49.974082;3.3586113
102165.146746116;-49.919785;3.3585613
102166.146745878;-49.960512;3.3590624
102180.14674254;-49.875664;3.358912
102181.146742302;-49.970691;3.3595135
102182.146742063;-49.93675;3.3589623
102200.146737816;-49.950328;3.3597641
102201.146737582;-49.804402;3.3591626
102312.146711335;-49.90282;3.3610671
102313.146711101;-49.933363;3.3616185
102314.146710866;-49.929969;3.3609669
102342.146704214;-49.950328;3.3616686
102343.146703976;-49.950328;3.3622198
102347.146703024;-49.99784;3.3615685
102348.146702789;-49.957113;3.3620696
102352.14670185;-49.909605;3.3616185
102353.146701616;-49.960512;3.3621197
102364.146699034;-49.950328;3.3623703
102365.146698799;-49.817977;3.3618691
102385.146694062;-49.946934;3.3626208
102386.146693823;-49.855305;3.3620193
102387.146693585;-49.99784;3.3627713
102394.146691916;-49.92657;3.3626709
102395.146691677;-49.987656;3.3631721
102415.146686967;-49.950328;3.3628714
102416.146686733;-49.872273;3.3633726
102442.146680571;-49.896031;3.3633726
102443.146680333;-49.882457;3.3638737
102492.14666875;-49.950328;3.3641746
102493.146668511;-50.011414;3.3646758
102496.146667796;-49.824762;3.3644252
102497.146667557;-49.872273;3.3649263
102517.146662833;-49.872273;3.3649764
102518.146662599;-50.028379;3.3654776
102583.146647246;-49.98427;3.3660288
102584.146647011;-49.889242;3.3665802
102586.146646536;-50.00802;3.3660791
102587.146646298;-49.92657;3.3666804
102597.146643913;-49.896031;3.3662293
102598.146643675;-49.916391;3.3667805
102620.146638464;-49.93675;3.3672316
102621.146638229;-49.92318;3.3667305
102634.146635178;-49.906211;3.3675325
102635.146634943;-49.916391;3.366981
102637.146634474;-49.906211;3.3672316
102638.146634237;-49.967297;3.3677328
102641.146633522;-49.90282;3.3671815
102642.146633283;-50.014809;3.3676827
102670.146626631;-49.889242;3.3683844
102671.146626397;-49.980871;3.3678832
102681.14662405;-49.977477;3.3683844
102682.146623815;-49.855305;3.3678832
102683.14662358;-49.991051;3.3684344
102711.146616932;-49.933363;3.3684344
102712.146616693;-49.913;3.3689859
102718.146615268;-49.977477;3.368685
102719.146615034;-49.957113;3.3691864
102763.146604633;-49.994449;3.3696876
102764.146604395;-50.045352;3.3702888
102785.146599446;-49.93675;3.3702888
102786.146599211;-49.90282;3.3697877
102791.146598038;-49.851914;3.3705394
102792.146597803;-49.828156;3.3698881
102802.146595434;-49.953723;3.3707399
102803.146595196;-49.933363;3.3701887
102884.146576016;-49.913;3.3720932
102885.146575781;-49.994449;3.371592
102911.146569644;-49.991051;3.3717422
102912.146569406;-49.960512;3.3723938
102917.146568214;-49.93675;3.3720431
102918.146567975;-49.90282;3.3726945
102934.146564183;-49.875664;3.3722434
102935.146563949;-49.90282;3.3727949
102960.146558061;-49.906211;3.3730454
102961.146557822;-49.801008;3.3725443
102962.146557584;-49.773855;3.3730955
103069.146532273;-49.906211;3.3740478
103070.146532034;-49.916391;3.374599
103073.146531319;-49.991051;3.3744488
103074.14653108;-49.92657;3.3739476
103075.146530842;-49.970691;3.3746994
103077.146530365;-49.913;3.3741479
103078.146530127;-49.892637;3.3746493
103110.146522585;-49.838336;3.375
103111.146522351;-49.845125;3.3744988
103151.146512865;-49.929969;3.375401
103152.146512631;-49.811188;3.3748999
103163.146510049;-50.00123;3.3755012
103164.146509814;-49.862094;3.3749499
103196.146502206;-49.93675;3.3752005
103197.146501972;-49.838336;3.3757017
103205.146500094;-49.99784;3.3760524
103206.14649986;-49.919785;3.3755512
103217.146497278;-49.919785;3.375401
103218.146497043;-49.865484;3.3760023
103219.146496808;-49.946934;3.3755512
103220.146496569;-49.913;3.3761027
103287.146480695;-49.862094;3.3758521
103288.146480456;-49.916391;3.3765035
103340.146468158;-49.885848;3.3768044
103341.146467919;-49.960512;3.3762028
103345.146466966;-49.970691;3.3769045
103346.146466727;-49.885848;3.3764033
103360.146463424;-49.92657;3.3770549
103361.14646319;-49.940148;3.3765035
103375.146459904;-49.970691;3.3763533
103376.146459669;-49.909605;3.3770046
103417.146449949;-49.906211;3.3772051
103418.146449714;-49.916391;3.376704
103477.146435769;-49.817977;3.3774056
103478.146435534;-49.929969;3.3779068
103479.1464353;-49.90282;3.3777063
103480.146435065;-49.963902;3.3771551
103504.146429354;-49.913;3.3780072
103505.146429115;-49.916391;3.3773055
103528.146423701;-49.916391;3.3778567
103529.146423467;-49.940148;3.3772552
103530.146423232;-49.896031;3.3778567
103539.146421108;-49.940148;3.3779569
103540.146420869;-49.862094;3.3774056
103551.146418247;-49.841734;3.3776062
103552.146418008;-49.943543;3.3781073
103558.146416578;-49.862094;3.3777063
103559.146416339;-49.943543;3.3782074
103642.146396749;-50.075898;3.3781073
103643.146396511;-49.892637;3.3786085
103704.146382066;-49.967297;3.3786085
103705.146381828;-49.892637;3.3781073
103706.146381589;-50.048746;3.3787589
103715.146379444;-49.957113;3.3784583
103716.146379205;-49.896031;3.3789594
103724.146377311;-49.892637;3.378408
103725.146377076;-49.909605;3.3789594
103738.146374025;-49.933363;3.3789091
103739.14637379;-49.885848;3.3783078
103740.146373556;-50.018199;3.378859
103741.146373321;-49.960512;3.37921
103742.146373086;-49.879063;3.3786085
103811.146356754;-49.98427;3.3795106
103812.146356515;-49.967297;3.3789594
103829.146352473;-49.943543;3.3790095
103830.146352238;-49.929969;3.3795607
103831.146352004;-49.909605;3.3794606
103832.146351769;-49.943543;3.3789594
103843.146349187;-49.977477;3.3789594
103844.146348953;-49.977477;3.3795607
103894.146337121;-49.933363;3.3791597
103895.146336886;-49.994449;3.3797112
103950.14632388;-49.933363;3.3795106
103951.146323646;-49.946934;3.3801622
103961.14632129;-49.943543;3.3801622
103962.146321051;-49.987656;3.3796611
103968.146319621;-49.841734;3.3798113
103969.146319382;-49.950328;3.3803627
103970.146319144;-49.906211;3.3796611
103976.146317713;-49.980871;3.3796108
103977.146317475;-49.980871;3.3801119
103986.146315334;-49.90282;3.3800118
103987.146315099;-49.977477;3.3795106
103988.146314865;-49.892637;3.3801119
103993.146313691;-49.957113;3.3802624
103994.146313456;-49.974082;3.3797612
104012.14630923;-49.868883;3.3797612
104013.146308992;-49.916391;3.3803124
104056.146298808;-49.943543;3.3801119
104057.146298573;-50.038559;3.3806133
104080.146293117;-49.98427;3.3801119
104081.146292878;-49.950328;3.3806133
104203.146264015;-49.929969;3.380964
104204.146263781;-49.919785;3.3815153
104205.146263546;-49.960512;3.380914
104239.146255506;-49.943543;3.3808639
104240.146255267;-49.892637;3.3815153
104241.146255029;-49.913;3.381315
104242.14625479;-49.899422;3.3818662
104243.146254552;-49.841734;3.3812647
104252.146252417;-49.929969;3.380914
104253.146252183;-49.92318;3.3816657
104270.146248193;-49.889242;3.3810141
104271.146247958;-49.99784;3.3815153
104322.146235891;-49.92657;3.3814151
104323.146235656;-49.950328;3.3819163
104324.146235422;-50.024992;3.3814151
104342.146231147;-50.021598;3.381315
104343.146230908;-49.957113;3.3818161
104351.146229001;-50.021598;3.3814652
104352.146228762;-49.92657;3.3819664
104381.146221946;-49.92657;3.3816156
104382.146221709;-49.946934;3.3821168
104387.146220516;-49.875664;3.3822169
104388.146220278;-49.916391;3.3817158
104391.146219563;-49.977477;3.3821669
104392.146219324;-49.899422;3.3816156
104402.14621694;-49.909605;3.3819163
104403.146216702;-49.967297;3.3824675
104437.146208694;-49.929969;3.3817658
104438.146208456;-49.950328;3.3822672
104480.146198515;-49.943543;3.3818662
104481.146198281;-49.896031;3.3825178
104500.146193773;-49.977477;3.3828185
104501.146193535;-49.940148;3.3822672
104513.146190674;-49.960512;3.3827684
104514.146190438;-49.879063;3.3822169
104583.146174147;-50.031777;3.3823173
104584.146173912;-50.041957;3.3828185
104602.146169653;-49.98427;3.3833196
104603.146169415;-49.804402;3.3828185
104637.146161376;-49.913;3.3834198
104638.146161141;-50.021598;3.3828185
104685.146150013;-49.882457;3.3836203
104686.146149778;-49.963902;3.3831191
104701.146146248;-49.882457;3.3836703
104702.14614601;-49.980871;3.3831692
104878.146104347;-49.977477;3.384372
104879.146104108;-49.872273;3.3838208
104880.14610387;-49.919785;3.3844724
104910.146096817;-49.980871;3.3846729
104911.146096578;-50.079285;3.3840714
104916.146095386;-49.994449;3.3842218
104917.146095148;-49.875664;3.3847229
104949.146087567;-50.052137;3.3844724
104950.146087332;-49.991051;3.3849735
105001.146075265;-49.933363;3.3846729
105002.14607503;-49.913;3.385174
105056.146062259;-49.967297;3.384773
105057.146062024;-49.963902;3.3853242
105160.146037655;-49.875664;3.3856251
105161.146037421;-49.953723;3.3861763
105162.146037186;-49.940148;3.3855748
105214.146024884;-49.919785;3.3857253
105215.146024649;-49.892637;3.3862765
105230.146021117;-49.875664;3.3858757
105231.146020878;-49.940148;3.3863769
105249.146016587;-49.950328;3.3863769
105250.146016348;-49.862094;3.3858757
105298.146005003;-49.943543;3.3861263
105299.146004765;-49.98427;3.3866274
105303.146003811;-50.004629;3.3863769
105304.146003573;-50.035172;3.3869281
105305.146003334;-49.906211;3.3863268
105308.146002627;-49.892637;3.3867276
105309.146002392;-49.970691;3.3861263
105322.145999341;-49.817977;3.3860762
105323.145999106;-49.899422;3.3865774
105327.145998168;-49.92318;3.3861763
105328.145997933;-49.960512;3.3867276
105335.145996281;-49.882457;3.3868279
105336.145996042;-50.038559;3.3863268
105366.145988917;-49.991051;3.3865271
105367.145988682;-49.906211;3.3871787
105376.14598657;-49.957113;3.3871286
105377.145986335;-49.93675;3.3866274
105430.145973799;-49.92657;3.3868279
105431.145973564;-49.851914;3.3874292
105437.145972156;-49.913;3.387279
105438.145971922;-49.933363;3.3867276
105467.145965018;-49.92318;3.3876798
105468.145964783;-49.970691;3.3870285
105485.145960794;-49.991051;3.3871286
105486.145960559;-50.055531;3.3876798
105547.145946134;-49.960512;3.3880808
105548.145945895;-49.862094;3.3875797
105549.145945657;-49.929969;3.3880808
105566.145941604;-49.980871;3.3881309
105567.145941365;-49.875664;3.3875797
105568.145941127;-49.804402;3.388181
105581.145938068;-49.967297;3.3878303
105582.145937833;-49.858703;3.3885319
105606.145932166;-49.940148;3.3880308
105607.145931928;-49.974082;3.388582
105620.145928828;-49.98427;3.3885319
105621.14592859;-49.940148;3.3880308
105633.145925766;-49.885848;3.3880808
105634.145925532;-49.970691;3.3890331
105635.145925297;-49.957113;3.3885319
105691.145912057;-49.933363;3.3886821
105692.145911822;-49.994449;3.3891835
105754.145897174;-49.875664;3.3896344
105755.145896939;-49.957113;3.3891332
105770.145893364;-49.943543;3.3898349
105771.145893126;-49.99784;3.3892336
105772.145892887;-49.963902;3.3897848
105792.145888158;-49.889242;3.3894341
105793.145887923;-49.879063;3.3899353
105806.145884872;-49.899422;3.3895342
105807.145884638;-49.889242;3.3900855
105875.145868528;-49.879063;3.3904364
105876.14586829;-49.957113;3.3899353
105879.145867575;-49.896031;3.3900354
105880.145867336;-49.933363;3.3905365
105881.145867098;-49.943543;3.3900354
105896.145863554;-49.957113;3.3901858
105897.145863319;-49.93675;3.390687
105900.145862615;-49.974082;3.3908374
105901.145862381;-49.974082;3.3902359
105912.145859799;-49.84852;3.3908374
105913.145859564;-49.896031;3.3902359
105961.145848201;-49.933363;3.3908374
105962.145847966;-49.943543;3.3913887
106038.145829963;-49.899422;3.3918397
106039.145829725;-49.957113;3.3913386
106049.145827353;-49.90282;3.3915892
106050.145827118;-50.018199;3.3920903
106051.145826883;-49.963902;3.3915892
106064.145823832;-50.011414;3.3921905
106065.145823597;-50.004629;3.3916893
106095.145816472;-49.953723;3.3918397
106096.145816234;-49.940148;3.392391
106115.145811765;-49.913;3.3921404
106116.14581153;-49.953723;3.3927419
106117.145811296;-49.919785;3.3922405
106124.145809653;-49.916391;3.392792
106125.145809418;-50.028379;3.3922908
106158.145801575;-49.957113;3.392441
106159.14580134;-49.991051;3.3929422
106160.145801106;-49.882457;3.3926916
106161.145800871;-49.974082;3.3933432
106162.145800636;-49.814582;3.3927419
106170.145798759;-50.0725;3.3931427
106171.145798524;-49.946934;3.3926415
106212.145788804;-49.855305;3.3930926
106213.145788569;-49.824762;3.3935938
106221.145786691;-50.021598;3.3936439
106222.145786457;-50.011414;3.3930926
106302.145767516;-50.011414;3.3943455
106303.145767278;-49.916391;3.3938444
106305.145766801;-50.00802;3.3946965
106306.145766562;-49.994449;3.3940949
106309.145765847;-49.868883;3.3943958
106310.145765609;-49.987656;3.3949471
106332.145760446;-49.892637;3.3948467
106333.145760211;-49.90282;3.3939948
106334.145759976;-49.929969;3.3945961
106344.145757602;-49.933363;3.3947465
106345.145757364;-49.957113;3.3952978
106368.1457519;-49.991051;3.3947465
106369.145751665;-49.919785;3.3952477
106375.145750257;-49.916391;3.3952978
106376.145750022;-49.99784;3.3947465
106377.145749787;-49.960512;3.3953981
106399.145744588;-49.899422;3.3951976
106400.14574435;-49.98427;3.3956988
106436.145735843;-49.980871;3.39625
106437.145735608;-49.967297;3.3956487
106443.145734197;-49.916391;3.3963504
106444.145733959;-49.875664;3.3957989
106508.145718799;-49.90282;3.3973026
106509.14571856;-49.885848;3.3967011
106510.145718322;-49.940148;3.3973026
106553.14570817;-49.953723;3.3980544
106554.145707931;-50.011414;3.3974528
106555.145707693;-49.967297;3.3982048
106617.14569301;-49.92318;3.3990066
106618.145692772;-49.892637;3.3985054
106619.145692534;-50.004629;3.3993573
106620.145692295;-49.933363;3.3988061
106654.145684289;-49.919785;3.3997083
106655.14568405;-49.960512;3.3992071
106674.14567952;-49.868883;3.3996079
106675.145679282;-49.92318;3.4003599
106676.145679043;-49.977477;3.3998585
106734.145665318;-49.896031;3.4014122
106735.145665084;-49.994449;3.4009111
106747.145662267;-49.950328;3.4010112
106748.145662033;-49.929969;3.4015627
106752.145661094;-49.92657;3.401763
106753.145660859;-49.885848;3.4012618
106790.145652078;-49.994449;3.4019134
106791.145651843;-49.92318;3.4028656
106792.145651608;-49.99784;3.4023144
106797.145650435;-49.929969;3.4027152
106798.1456502;-49.862094;3.402164
106844.145639307;-49.960512;3.4032166
106845.145639072;-49.896031;3.4039183
106855.145636725;-49.980871;3.4035172
106856.14563649;-49.896031;3.4041185
106872.145632709;-49.916391;3.4042189
106873.145632471;-49.909605;3.4047701
106874.145632232;-49.929969;3.4042189
106876.145631755;-49.909605;3.4041185
106877.145631517;-50.096258;3.4046197
106888.145628894;-49.963902;3.4044695
106889.145628656;-49.977477;3.4052212
106898.145626535;-49.868883;3.4054217
106899.145626301;-49.933363;3.4049206
106947.145614938;-50.018199;3.4066246
106948.145614703;-49.913;3.4060733
106956.145612825;-49.953723;3.4070256
106957.145612591;-49.909605;3.4065242
106996.145603344;-49.943543;3.4078774
106997.145603105;-49.940148;3.408529
106998.145602871;-50.011414;3.4079275
106999.145602636;-49.868883;3.4084287
107000.145602401;-49.916391;3.4079275
107005.145601228;-49.950328;3.4079275
107006.145600993;-49.885848;3.408529
107053.145589864;-49.906211;3.4096818
107054.145589629;-49.950328;3.410183
107056.14558916;-49.919785;3.4100325
107057.145588925;-49.919785;3.4105337
107114.145575451;-49.855305;3.4123881
107115.145575216;-49.885848;3.4129393
107117.145574746;-49.909605;3.412739
107118.145574512;-50.038559;3.4132402
107143.145568593;-49.916391;3.4142926
107144.145568355;-50.055531;3.4137914
107145.145568116;-49.933363;3.414443
107159.145564792;-49.994449;3.4145432
107160.145564557;-49.92318;3.4151447
107170.14556221;-49.90282;3.4152949
107171.145561976;-49.84852;3.4159465
107173.145561506;-49.811188;3.4153953
107174.145561272;-50.014809;3.4159465
107186.145558441;-49.953723;3.4163475
107187.145558202;-49.814582;3.4168487
107196.145556057;-49.896031;3.4166982
107197.145555818;-49.851914;3.4171994
107255.14554209;-49.994449;3.4208581
107256.145541851;-49.92657;3.4213593
107270.145538546;-49.92318;3.4225621
107271.145538312;-49.957113;3.4219606
107272.145538077;-49.892637;3.4223616
107273.145537842;-49.92318;3.4228628
107285.145535026;-50.018199;3.4232638
107286.145534791;-49.987656;3.4237649
107294.14553289;-49.865484;3.4243662
107295.145532652;-49.872273;3.4248676
107325.14552554;-49.946934;3.4275739
107326.145525306;-49.960512;3.4280751
107327.145525071;-49.882457;3.4277244
107328.145524836;-49.801008;3.4282255
107330.145524367;-49.790828;3.4278245
107331.145524132;-49.92318;3.4283257
107366.145515823;-49.953723;3.4325356
107367.145515585;-49.858703;3.4330869
107369.145515116;-49.882457;3.4328363
107370.145514881;-50.041957;3.4333375
107375.145513708;-49.980871;3.4336884
107376.145513473;-49.943543;3.4342897
107389.145510422;-49.919785;3.4357932
107390.145510187;-49.855305;3.4362946
107397.145508531;-49.892637;3.4369459
107398.145508293;-49.899422;3.4374974
107407.145506147;-49.899422;3.4388003
107408.145505909;-49.99784;3.4393516
107417.145503763;-49.84852;3.4405043
107418.145503525;-50.031777;3.441256
107422.14550258;-49.916391;3.4415066
107423.145502345;-49.977477;3.442008
107427.145501406;-49.892637;3.4425592
107428.145501172;-49.906211;3.4431105
107431.145500468;-49.831555;3.4435115
107432.145500233;-50.00802;3.4440126
107441.145498121;-49.906211;3.445817
107442.145497886;-49.963902;3.4463682
107446.145496947;-49.913;3.4466188
107447.14549671;-49.967297;3.44717
107450.145495995;-49.92657;3.4479218
107451.145495757;-49.90282;3.4484229
107452.145495518;-49.919785;3.4483728
107453.14549528;-49.882457;3.4490244
107458.145494088;-49.933363;3.4500268
107459.145493849;-49.960512;3.4505279
107462.145493134;-49.885848;3.4512296
107463.145492896;-49.92657;3.4517307
107468.145491703;-49.950328;3.4529839
107469.145491465;-49.967297;3.453485
107478.14548934;-49.885848;3.4557402
107479.145489105;-49.916391;3.4563918
107484.145487932;-49.967297;3.4577451
107485.145487697;-49.929969;3.4584968
107490.145486523;-49.99784;3.4601007
107491.145486289;-49.916391;3.460752
107492.145486054;-49.828156;3.4608023
107493.145485819;-49.946934;3.4614036
107497.145484881;-49.92657;3.4627068
107498.145484646;-49.909605;3.4633081
107500.145484174;-49.889242;3.4639096
107501.145483935;-49.879063;3.4645109
107502.145483697;-49.855305;3.4652627
107506.145482743;-49.92318;3.4665158
107507.145482505;-50.099648;3.4672675
107509.145482028;-49.991051;3.4678688
107510.14548179;-49.913;3.4686708
107512.145481313;-49.882457;3.4692221
107513.145481074;-49.896031;3.4701242
107514.145480836;-49.892637;3.4703748
107515.145480597;-49.892637;3.4710262
107516.145480359;-50.028379;3.4716778
107517.145480121;-49.99784;3.4718783
107518.145479882;-49.875664;3.4724798
107519.145479644;-49.950328;3.4732316
107523.14547869;-49.967297;3.474685
107524.145478452;-49.960512;3.4756372
107525.145478213;-49.896031;3.4760382
107526.145477977;-49.804402;3.4766395
107527.145477742;-49.896031;3.4775918
107528.145477508;-49.899422;3.478143
107529.145477273;-49.84852;3.4783435
107530.145477038;-49.845125;3.4793961
107531.145476804;-49.909605;3.4796467
107532.145476569;-49.90282;3.480248
107533.145476334;-49.770465;3.4807994
107534.1454761;-49.943543;3.4815512
107535.145475865;-50.038559;3.4822025
107536.14547563;-49.967297;3.4831548
107537.145475396;-49.93675;3.4836562
107538.145475161;-49.940148;3.4846585
107539.145474926;-49.991051;3.4850593
107540.145474691;-49.862094;3.4857109
107541.145474457;-49.940148;3.4867132
107542.145474222;-50.035172;3.4875152
107543.145473987;-50.004629;3.4878659
107544.145473753;-49.773855;3.4888182
107545.145473518;-49.991051;3.4895198
107546.145473283;-49.98427;3.4902716
107547.145473049;-49.872273;3.4907727
107548.145472814;-50.011414;3.4918754
107549.145472579;-49.875664;3.4927776
107550.145472344;-49.882457;3.4933288
107551.14547211;-49.868883;3.4943814
107552.145471875;-49.868883;3.4952333
107553.145471637;-49.909605;3.4955842
107554.145471398;-49.933363;3.4968872
107555.14547116;-49.780648;3.4977894
107556.145470921;-49.855305;3.4987416
107557.145470683;-49.807793;3.4993429
107558.145470445;-49.889242;3.500596
107559.145470206;-49.868883;3.5010972
107560.145469968;-49.872273;3.5021996
107561.145469729;-49.93675;3.5032022
107562.145469491;-49.946934;3.5042045
107563.145469253;-49.892637;3.5054073
107564.145469014;-49.882457;3.50651
107565.145468776;-49.913;3.5073619
107566.145468537;-49.909605;3.5084145
107567.145468299;-49.933363;3.5096173
107568.14546806;-49.98427;3.5106196
107569.145467822;-49.953723;3.5115719
107570.145467584;-49.946934;3.5131757
107571.145467345;-50.031777;3.5143785
107572.145467107;-50.00123;3.5152805
107573.145466868;-50.018199;3.5164833
107574.14546663;-50.035172;3.5177865
107575.145466391;-50.018199;3.5190895
107576.145466153;-49.987656;3.5202923
107577.145465915;-49.957113;3.5215955
107578.145465676;-49.98427;3.523149
107579.145465441;-49.90282;3.5243521
107580.145465206;-49.913;3.5261562
107581.145464971;-49.90282;3.5270584
107582.145464737;-49.946934;3.5285618
107583.145464502;-49.777254;3.5301156
107584.145464267;-49.929969;3.5319197
107585.145464032;-49.933363;3.5334234
107586.145463798;-49.933363;3.5347264
107587.145463563;-50.021598;3.5367312
107588.145463328;-49.899422;3.5379841
107589.145463094;-49.940148;3.5396881
107590.145462859;-49.970691;3.5416927
107591.145462624;-49.987656;3.543447
107592.14546239;-49.834941;3.5451009
107593.145462155;-49.845125;3.546855
107594.14546192;-49.960512;3.5488596
107595.145461686;-50.014809;3.5508144
107596.145461451;-49.882457;3.552819
107597.145461216;-49.828156;3.5544729
107598.145460981;-49.90282;3.5565779
107599.145460747;-49.892637;3.5588331
107600.145460512;-49.991051;3.5609882
107601.145460277;-49.909605;3.5630932
107602.145460043;-49.943543;3.5653486
107603.145459808;-49.804402;3.5678544
107604.145459573;-49.92657;3.5699093
107605.145459338;-49.919785;3.572315
107606.145459099;-49.868883;3.5747707
107607.145458861;-49.811188;3.5770261
107608.145458622;-49.946934;3.5798829
107609.145458384;-49.919785;3.582489
107610.145458146;-49.991051;3.5851953
107611.145457907;-49.940148;3.588002
107612.145457669;-49.950328;3.5908587
107613.14545743;-50.018199;3.5936654
107614.145457192;-49.892637;3.5960209
107615.145456953;-49.90282;3.5993288
107616.145456715;-49.851914;3.6023858
107617.145456477;-49.929969;3.6055434
107618.145456238;-49.980871;3.6087008
107619.145456;-49.946934;3.6123092
107620.145455761;-49.875664;3.6154165
107621.145455523;-49.946934;3.6189249
107622.145455285;-49.855305;3.6224833
107623.145455046;-49.946934;3.625741
107624.145454808;-49.99784;3.6297002
107625.145454569;-49.92657;3.6335092
107626.145454331;-49.92657;3.6374185
107627.145454092;-49.950328;3.641077
107628.145453854;-49.98427;3.6450365
107629.145453616;-49.872273;3.6488454
107629.346653568;-49.889242;3.6500983
107629.346853568;-49.933363;3.6501484
107629.348053567;-47.876809;3.6494467
107630.348053329;-43.30216;3.6494968
107631.348053091;-41.859859;3.6494968
107632.348052856;-40.811219;3.6496472
107633.348052622;-39.925473;3.6493466
107634.348052387;-39.060094;3.6492462
107635.348052152;-38.37457;3.6492462
107636.348051918;-37.648328;3.6492462
107637.348051683;-37.003535;3.6493967
107638.348051448;-36.212813;3.6495471
107639.348051213;-35.618926;3.6492963
107640.348050979;-35.082727;3.6495972
107641.348050744;-34.431145;3.6493967
107642.348050509;-33.796531;3.6494968
107643.348050275;-33.297664;3.6490457
107644.34805004;-32.720742;3.6493967
107646.348049571;-31.726402;3.6489956
107647.348049336;-31.142691;3.6494968
107650.348048632;-29.778443;3.6491961
107651.348048397;-29.238852;3.6493466
107656.348047224;-27.216234;3.6492462
107657.348046989;-26.856506;3.6497977
107658.348046752;-26.466236;3.6492963
107688.348039616;-17.622369;3.6488955
107689.348039381;-17.435721;3.6493967
107704.348035861;-14.551112;3.6491961
107705.348035626;-14.384824;3.6497977
107739.348027549;-10.152936;3.6496973
107740.348027315;-9.9696777;3.6489956
107749.367225199;-9.0669648;3.6494968
107749.465825174;-0;3.6457207
107750.46582494;-0;3.6402249
107751.465824705;-0;3.6352634
107752.46582447;-0;3.6303518
107753.465824236;-0;3.6256907
107754.465824001;-0;3.621531
107755.465823766;-0;3.6177721
107756.465823532;-0;3.6142137
107757.465823297;-0;3.6105049
107758.465823062;-0;3.6073976
107759.465822828;-0;3.6043906
107760.465822593;-0;3.6013834
107761.465822358;-0;3.5985267
107762.465822123;-0;3.5955698
107763.465821889;-0;3.5932643
107764.465821651;-0;3.5907083
107765.465821412;-0;3.5882525
107766.465821174;-0;3.5862479
107767.465820936;-0;3.583792
107768.465820697;-0;3.581687
107769.465820459;-0;3.5799329
107770.46582022;-0;3.5781789
107771.465819982;-0;3.576124
107772.465819743;-0;3.5743699
107773.465819505;-0;3.5727661
107774.465819267;-0;3.5713627
107775.465819028;-0;3.5695083
107776.46581879;-0;3.5679548
107777.465818551;-0;3.5664511
107778.465818313;-0;3.5652483
107779.465818075;-0;3.5637448
107780.465817836;-0;3.5624919
107781.465817598;-0;3.5611386
107782.465817359;-0;3.5597353
107783.465817121;-0;3.5588834
107784.465816882;-0;3.5576806
107785.465816644;-0;3.5565779
107786.465816406;-0;3.5558262
107787.465816167;-0;3.5544229
107788.465815929;-0;3.5537212
107789.46581569;-0;3.552819
107790.465815455;-0;3.5518167
107791.46581522;-0;3.5507641
107792.465814985;-0;3.5499122
107793.465814751;-0;3.5491605
107794.465814516;-0;3.5483584
107795.465814281;-0;3.5473061
107796.465814047;-0;3.546855
107797.465813812;-0;3.5456522
107798.465813577;-0;3.5453014
107799.465813342;-0;3.5445998
107800.465813108;-0;3.5439982
107801.465812873;-0;3.5435472
107802.465812638;-0;3.5426953
107803.465812404;-0;3.5419936
107804.465812169;-0;3.5414422
107805.465811934;-0;3.5406404
107807.465811465;-0;3.5398386
107808.46581123;-0;3.5387859
107809.465810996;-0;3.5382347
107810.465810761;-0;3.5376332
107811.465810526;-0;3.5376332
107812.465810291;-0;3.5367813
107813.465810057;-0;3.5365808
107814.465809822;-0;3.5359793
107815.465809587;-0;3.535779
107816.465809353;-0;3.5352776
107817.465809114;-0;3.5347764
107818.465808876;-0;3.5340247
107820.465808399;-0;3.5332229
107821.465808161;-0;3.5327218
107823.465807684;-0;3.5322707
107824.465807445;-0;3.5316691
107825.465807207;-0;3.5314186
107826.465806969;-0;3.5308173
107831.465805776;-0;3.5295141
107832.465805538;-0;3.5290129
107833.4658053;-0;3.5287623
107834.465805061;-0;3.528161
107836.465804584;-0;3.5278602
107837.465804346;-0;3.5272589
107840.465803631;-0;3.5266073
107841.465803392;-0;3.5261061
107854.465800337;-0;3.5230989
107855.465800102;-0;3.5224476
107857.465799633;-0;3.5223973
107858.465799398;-0;3.5218961
107860.465798929;-0;3.5217459
107861.465798694;-0;3.5209939
107869.465796816;-0;3.5199416
107870.465796578;-0;3.5193903
107879.465794432;-0;3.5183377
107880.465794194;-0;3.5177865
107952.465777142;-0;3.5092664
107953.465776907;-0;3.5087652
107965.465774091;-0;3.508214
107966.465773856;-0;3.5076625
107992.465767688;-0;3.5055578
107993.46576745;-0;3.506109
108079.46574714;-0;3.5012977
108080.465746905;-0;3.5007463
108090.465744521;-0;3.5002451
108091.465744283;-0;3.5007463
108131.465734838;-0;3.498491
108132.465734603;-0;3.4989922
108158.465728408;-0;3.4979398
108159.46572817;-0;3.4974384
108248.465707148;-0;3.4950831
108249.46570691;-0;3.4945817
108250.465706671;-0;3.4952333
108251.465706433;-0;3.4946821
108261.465704049;-0;3.4945817
108262.46570381;-0;3.4940305
108319.465690325;-0;3.4928777
108320.46569009;-0;3.4933789
108321.465689855;-0;3.4927776
108357.465681359;-0;3.4923265
108358.465681121;-0;3.4917753
108392.465673095;-0;3.4916248
108393.46567286;-0;3.4910233
108452.465658909;-0;3.4899209
108453.46565867;-0;3.4904721
108462.465656525;-0;3.4903219
108463.465656286;-0;3.4897203
108469.465654856;-0;3.4895198
108470.465654617;-0;3.4901214
108543.465637363;-0;3.4885676
108544.465637129;-0;3.4891188
108545.465636894;-0;3.488317
108563.465632642;-0;3.4880664
108564.465632404;-0;3.4886177
108582.465628113;-0;3.4876654
108583.465627878;-0;3.488317
108591.465626001;-0;3.4879663
108592.465625766;-0;3.4874651
108601.465623654;-0;3.487916
108602.465623419;-0;3.4874148
108648.465612526;-0;3.4868636
108649.465612291;-0;3.4873648
108662.465609238;-0;3.4867635
108663.465609;-0;3.4873147
108664.465608761;-0;3.4867132
108703.46559952;-0;3.486563
108704.465599286;-0;3.4860618
108723.465594794;-0;3.4858112
108724.465594556;-0;3.4863625
108763.465585341;-0;3.4859114
108764.465585107;-0;3.4852598
108825.465570673;-0;3.4846084
108826.465570435;-0;3.4852598
108848.465565196;-0;3.484859
108849.465564961;-0;3.4842074
108860.46556238;-0;3.4843576
108861.465562145;-0;3.4849091
108945.465542261;-0;3.4833052
108946.465542022;-0;3.4838564
108972.465535898;-0;3.4837062
108973.465535664;-0;3.4831548
109042.465519333;-0;3.4828541
109043.465519094;-0;3.4821525
109044.465518856;-0;3.482754
109065.465513876;-0;3.4824531
109066.465513642;-0;3.4819019
109067.465513407;-0;3.4827039
109076.465511295;-0;3.4823029
109077.46551106;-0;3.4829042
109121.465500635;-0;3.4821024
109122.465500401;-0;3.4816012
109167.465489742;-0;3.4815009
109168.465489507;-0;3.4820023
109169.465489273;-0;3.4814007
109180.465486691;-0;3.4815512
109181.465486456;-0;3.4820523
109182.465486222;-0;3.4814508
109247.465470854;-0;3.4815512
109248.465470615;-0;3.4808996
109314.465454979;-0;3.4807994
109315.465454741;-0;3.480298
109339.465449083;-0;3.480248
109340.465448848;-0;3.4807491
109470.465418084;-0;3.4794462
109471.465417845;-0;3.4799473
109473.465417368;-0;3.4792457
109474.46541713;-0;3.4797468
109566.465395395;-0;3.4787445
109567.465395156;-0;3.4792957
109572.465393964;-0;3.4792957
109573.465393726;-0;3.4787946
109581.465391818;-0;3.4792457
109582.46539158;-0;3.4786441
109583.465391342;-0;3.4791956
109602.465386871;-0;3.4788949
109603.465386637;-0;3.4783936
109613.465384288;-0;3.478544
109614.46538405;-0;3.4791956
109664.465372222;-0;3.478143
109665.465371988;-0;3.4786441
109682.465367936;-0;3.4784939
109683.465367698;-0;3.4779928
109684.465367459;-0;3.4784939
109687.465366744;-0;3.4786441
109688.465366506;-0;3.4778423
109689.465366267;-0;3.4784939
109807.465338367;-0;3.4775417
109808.465338132;-0;3.4780929
109884.465320171;-0;3.4769905
109885.465319933;-0;3.4774916
109916.46531259;-0;3.477241
109917.465312355;-0;3.4777923
109918.465312121;-0;3.4769905
109931.465309065;-0;3.4768901
109932.465308826;-0;3.4774413
109948.465305012;-0;3.4772911
109949.465304773;-0;3.4766896
109950.465304535;-0;3.4771907
109989.465295335;-0;3.477241
109990.465295097;-0;3.4766395
109994.465294143;-0;3.4771907
109995.465293905;-0;3.4765894
110065.465277328;-0;3.47679
110066.465277093;-0;3.4761884
110067.465276858;-0;3.47684
110101.465268831;-0;3.4766896
110102.465268593;-0;3.4761884
110103.465268354;-0;3.4767396
110110.465266685;-0;3.47679
110111.465266447;-0;3.4762385
110218.465241135;-0;3.4756372
110219.465240897;-0;3.4761884
110285.465225305;-0;3.4760883
110286.46522507;-0;3.4755368
110390.465200467;-0;3.4752362
110391.465200233;-0;3.4757373
110392.465199998;-0;3.475136
110436.465189574;-0;3.4749856
110437.465189339;-0;3.4755871
110440.465188635;-0;3.4755368
110441.465188401;-0;3.4750357
110443.465187931;-0;3.4747851
110444.465187697;-0;3.4754868
110447.465186992;-0;3.4755368
110448.465186758;-0;3.4749856
110464.465182981;-0;3.475086
110465.465182742;-0;3.4755871
110466.465182504;-0;3.475086
110532.465166867;-0;3.475136
110533.465166629;-0;3.4746349
110535.465166152;-0;3.4748352
110536.465165914;-0;3.4754367
110537.465165675;-0;3.474735
110543.465164266;-0;3.475136
110544.465164032;-0;3.4745846
110546.465163562;-0;3.4753366
110547.465163328;-0;3.474685
110567.465158622;-0;3.4754367
110568.465158383;-0;3.4747851
110575.465156714;-0;3.474735
110576.465156476;-0;3.4752362
110577.465156237;-0;3.4745345
110578.465155999;-0;3.475086
110630.4651437;-0;3.4745846
110631.465143461;-0;3.475086
110632.465143223;-0;3.4745846
110647.465139662;-0;3.4749355
110648.465139427;-0;3.4742839
110649.465139193;-0;3.4745345
110650.465138958;-0;3.4750357
110651.465138723;-0;3.4745345
110652.465138489;-0;3.4742839
110653.465138254;-0;3.4748352
110664.465135672;-0;3.4745345
110665.465135438;-0;3.4750357
110666.465135203;-0;3.4745345
110676.465132832;-0;3.474735
110677.465132593;-0;3.4740834
110708.465125248;-0;3.4741838
110709.465125013;-0;3.474685
110768.465111069;-0;3.4740834
110769.465110834;-0;3.4748352
110770.465110599;-0;3.4742339
110786.465106804;-0;3.4740834
110787.465106566;-0;3.4746349
110797.465104182;-0;3.4740334
110798.465103943;-0;3.4745846
110858.465089751;-0;3.4742339
110859.465089516;-0;3.4736826
110860.465089282;-0;3.4736323
110861.465089047;-0;3.4741337
110913.465076745;-0;3.4740334
110914.465076511;-0;3.4733818
110962.465065148;-0;3.4733818
110963.465064913;-0;3.4739833
111018.465051908;-0;3.4735823
111019.465051673;-0;3.4740834
111020.465051438;-0;3.4735322
111041.465046504;-0;3.4731312
111042.465046266;-0;3.4737327
111048.465044835;-0;3.4733818
111049.465044597;-0;3.4738829
111063.465041259;-0;3.4732816
111064.46504102;-0;3.4738829
111079.465037494;-0;3.473031
111080.465037259;-0;3.4737327
111107.465030868;-0;3.4737327
111108.46503063;-0;3.4731815
111155.465019523;-0;3.4733818
111156.465019285;-0;3.4728806
111225.465002936;-0;3.4734821
111226.465002701;-0;3.4729307
111253.464996357;-0;3.4727304
111254.464996118;-0;3.4732316
111329.464978336;-0;3.4728305
111330.464978098;-0;3.4733317
111331.464977863;-0;3.4727304
111347.464974108;-0;3.4726801
111348.464973873;-0;3.4731815
